event_idx,fire_time_s,fire_to_muzzle_s,fire_to_impact_s,pitch_peak_signed_deg,pitch_peak_abs_deg,pitch_peak_time_s,pitch_recovery_s,pitch_target_range_deg,pitch_target_stable,yaw_peak_signed_deg,yaw_peak_abs_deg,yaw_peak_time_s,yaw_recovery_s,yaw_target_range_deg,yaw_target_stable,disturbance_vector_abs_deg,stable_target,valid_disturbance_shot
0,446.81753728,0.04041036800003894,0.11876377600003707,3.8583243419940665,3.8583243419940665,0.47300684800001136,nan,4.187589482966398,0,6.475812092517886,6.475812092517886,0.49311641600002076,nan,8.05417528748512,0,7.538090539760373,0,0
1,456.734144,0.039897088000032,0.12806656000003613,3.379753174428087,3.379753174428087,0.4031892479999897,nan,4.298702037775879,0,-2.476629465620455,2.476629465620455,0.39337267199999815,nan,7.41591124665505,0,4.190038786220981,0,0
2,476.291719424,0.04040806400001884,0.12808704000002535,4.614975240390812,4.614975240390812,0.4847134720000099,nan,6.3475190131830495,0,-1.8873659626099695,1.8873659626099695,0.09430425600004355,nan,2.0106200759726924,0,4.985995060791667,0,0
3,494.11218380800005,0.03988223999999718,0.12462284800000134,-1.898401075901262,1.898401075901262,0.17145190399998,0.4007178239999689,3.252219023742782,0,-1.650018857182527,1.650018857182527,0.08159027199997126,0.38213273599996,5.629727487601571,0,2.5152512546544927,0,0
4,502.132067328,0.040745984000011504,0.13916595200004167,2.043042269535757,2.043042269535757,0.3924413440000194,nan,3.0249454599590777,0,2.0833119545121797,2.0833119545121797,0.3931095040000514,nan,5.941881133597356,0,2.9179119957468176,0,0
5,511.471126528,0.04045542400001523,0.1384355840000353,-1.4451100988862322,1.4451100988862322,0.1481510400000161,0.28215040000003455,5.70108039277908,0,2.442998971446638,2.442998971446638,0.42056192000001147,nan,3.3459512706531918,0,2.838412791049305,0,0
6,524.392322304,0.04021939200003999,0.13921203200004584,3.371632255854367,3.371632255854367,0.42695014399998854,nan,4.941380717325778,0,4.275368582436146,4.275368582436146,0.41953843200008123,nan,8.333584902332607,0,5.44487654445899,0,0
7,532.525433344,0.039816448000010496,0.14034969600004388,-1.918092517804352,1.918092517804352,0.193318655999974,nan,6.134351753256972,0,4.5980349277645285,4.5980349277645285,0.4350658560000511,nan,11.488760855206642,0,4.98206825563436,0,0
8,555.232485888,0.04050815999994484,0.13515545600000678,-1.2259648203311286,1.2259648203311286,0.20626227200000358,nan,3.9337355444883215,0,3.255518372439285,3.255518372439285,0.4678077439999697,nan,9.480026410328609,0,3.478705163416306,0,0
9,564.672171264,0.03944832000001952,0.12388966400010304,-1.4868662195643232,1.4868662195643232,0.1519080960000565,nan,4.539134633226016,0,-1.9685594238978048,1.9685594238978048,0.2201323520000642,0.47077094400003716,9.694568640892971,0,2.4669814268247663,0,0
10,581.50735488,0.04074880000007397,0.13253580800005693,0.3542130630153366,0.3542130630153366,0.48534809600005246,nan,4.310514356588456,0,-0.20535775970488857,0.20535775970488857,0.40903116800006956,nan,3.9547727674239503,0,0.4094370568008196,0,0
11,581.809093888,0.04008320000002641,0.12153446399997847,0.33604223835970615,0.33604223835970615,0.49377868800002034,nan,3.5786512334852993,0,-0.27813340085766924,0.27813340085766924,0.45363404800002627,nan,5.335132830524838,0,0.43621390926293774,0,0
12,582.1251673600001,0.039827199999990626,0.09940300799996749,0.47684482372190473,0.47684482372190473,0.4979199999999082,nan,1.562884297524544,0,-0.3999445055199047,0.3999445055199047,0.2687385599999743,nan,5.616186344701859,0,0.6223637147247062,0,0
13,728.04375168,0.03977343999997629,0.17215667200002827,-1.8315202298662498,1.8315202298662498,0.19298790400000598,0.2980277760000263,5.036008721964894,0,-2.811831229151368,2.811831229151368,0.10640051200005018,0.22710553600006733,1.9625189843337978,0,3.355720669787671,0,0
14,728.36716672,0.04089574400006768,0.1612577280000096,-1.7663810637579616,1.7663810637579616,0.3545282560000942,nan,7.523477532020401,0,-3.0521332070733465,3.0521332070733465,0.45468646400001944,nan,10.739951371391466,0,3.5264173286953064,0,0
15,736.2592015360001,0.037634559999901285,0.16692172799992022,-1.5502698858374622,1.5502698858374622,0.15386905599996226,0.2865026559999251,5.986858118528193,0,-2.284350669821645,2.284350669821645,0.40475443200000427,nan,2.013057136547669,0,2.7607235829849204,0,0
16,736.5700180480001,0.03980620799995904,0.1434431999999788,-1.9015893961864094,1.9015893961864094,0.4543802879999248,nan,5.757574731508903,0,-1.9768806815876694,1.9768806815876694,0.09393792000003032,0.20368742400000883,2.3234094229585587,0,2.7430091981112863,0,0
17,736.8829649920001,0.04223334399989653,0.12890495999999985,-1.937982426035946,1.937982426035946,0.1414333439998927,0.2441838080000025,4.677156827138823,0,-1.6781053542144804,1.6781053542144804,0.07091071999991527,0.19297612799994113,4.529082756131295,0,2.5635548489290176,0,0
18,753.5091791360001,0.04123263999997562,0.1666659840000193,-1.568632868063223,1.568632868063223,0.15801139199993486,0.25829964799993377,5.755899377830298,0,-1.8168642918341007,1.8168642918341007,0.06759577599996192,0.19825151999998525,3.6070282504874775,0,2.400334337068501,0,0
19,761.87827584,0.04013849600005415,0.16738969599998654,2.006093414984,2.006093414984,0.35356774400008817,nan,5.252989750694487,0,-1.7436474294827065,1.7436474294827065,0.08139827200000127,0.17350758400004906,2.850392500048116,0,2.6579535639254153,0,0
20,770.727081728,0.040393728000026385,0.1704742399999759,-1.9223249837956669,1.9223249837956669,0.15318937600000027,nan,2.6026797805659747,0,-1.7011584728718496,1.7011584728718496,0.0735943680000446,0.18306329600000026,3.2499323428846374,0,2.566958023254119,0,0
21,771.02797952,0.040783104000070125,0.16129203200000575,1.001420012462141,1.001420012462141,0.3730063360000031,nan,1.3221062102232057,0,1.3823729350184664,1.3823729350184664,0.15191347200004657,nan,4.818669534881469,0,1.7069847605738147,0,0
22,778.632663296,0.04008192000003419,0.17354137600000286,-3.76918028528711,3.76918028528711,0.47251558400000704,nan,8.4759825249625,0,3.3000602353708466,3.3000602353708466,0.4720432640000354,nan,4.357374716354585,0,5.009702344458492,0,0
23,788.170157568,0.04054143999996995,0.19094886400000632,0.16991967033440503,0.16991967033440503,0.479473664000011,nan,4.655696592213779,0,-0.22149149795323098,0.22149149795323098,0.016741632000048412,nan,1.3794274756812257,0,0.27916156259793184,0,0
24,788.474351104,0.04456652800001848,0.16169011200008754,0.1667686453376387,0.1667686453376387,0.3560153600000149,nan,5.1672030676241025,0,0.06758753746977675,0.06758753746977675,0.024171008000053007,0.12430387200004134,1.6977437221451446,0,0.17994403654742103,0,0
25,788.784032256,0.040814080000018294,0.1401318399999809,-0.16707871872356606,0.16707871872356606,0.3853660160000345,nan,5.361505685304039,0,-0.08451138621900611,0.08451138621900611,0.3848913919999859,nan,1.9490729813345276,0,0.18723640845456985,0,0
26,893.24905088,0.04156671999999162,0.16538931200000206,-2.57868883944297,2.57868883944297,0.40397312000004604,nan,9.83431304134985,0,-2.616521715900877,2.616521715900877,0.0861475840000594,0.22474547199999506,0.8479214536101836,0,3.673666019176022,0,0
27,908.5541562880001,0.04028492800000549,0.15951923199997964,3.2256163824148247,3.2256163824148247,0.42511104000004707,nan,4.306198760884831,0,1.9981049021830994,1.9981049021830994,0.41553177599996616,nan,2.681075129468937,0,3.794341082010292,0,0
28,916.937813504,0.04370406400005322,0.1533102079999935,-2.1134759292448244,2.1134759292448244,0.17296896000004836,nan,2.802475386129892,0,-1.865271070561466,1.865271070561466,0.08243609600003765,0.21201484800008075,2.6598354161626467,0,2.818867976718809,0,0
29,927.724704768,0.039841792000061105,0.16387609599996722,-2.298938074744621,2.298938074744621,0.4753986560000385,nan,5.1395721565818295,0,-1.8706356709481256,1.8706356709481256,0.0744256000000405,0.22584601599999132,1.4373318829496036,0,2.96384785117827,0,0
30,928.028462848,0.04157465600007981,0.13592627200000607,2.4418275650689285,2.4418275650689285,0.4930071040000712,nan,3.5252343380773716,0,-5.231203408137798,5.231203408137798,0.48243353600003047,nan,10.98076377788857,0,5.773041741997278,0,0
31,934.8936448000001,0.039376127999958044,0.15834188799999538,-2.5162237899602884,2.5162237899602884,0.16798080000000937,0.2878996480000069,6.278830877374382,0,-1.8816303740586307,1.8816303740586307,0.06779647999996996,0.1778237439999657,2.3457205623159894,0,3.14196037940362,0,0
32,935.210029056,0.03992678400004479,0.13507225600005768,-1.8347044046196075,1.8347044046196075,0.17217484800005423,0.29274419199998647,7.674918084446041,0,-1.8524225846617757,1.8524225846617757,0.10265036800001326,0.21744563200002176,4.500360966831899,0,2.607222599720937,0,0
33,942.5778764800001,0.039926783999931104,0.1558364159999428,-2.388445672060344,2.388445672060344,0.17858099199997923,0.2682636799999045,4.827532144176448,0,-1.80527751547457,1.80527751547457,0.06837120000000141,0.18900915199992596,1.413307458453918,0,2.993943826504069,0,0
34,942.8809986560001,0.04096076799999082,0.1361351680000098,0.33306217195626964,0.33306217195626964,0.2545999359999769,nan,4.343371341506767,0,-0.1283050953532019,0.1283050953532019,0.4946142719999216,nan,1.787891099225508,0,0.3569210107037998,0,0
35,943.1924321280001,0.043977727999958915,0.1207201280000163,-0.22098016840307366,0.22098016840307366,0.42331007999996473,nan,5.09026110515892,0,-0.15626051741932656,0.15626051741932656,0.4736148480000111,nan,2.479666890326982,0,0.2706466037688381,0,0
36,943.495804416,0.040334592000021985,0.1090398720000394,0.5850417830747219,0.5850417830747219,0.49179007999998703,nan,3.57633723822331,0,-0.22463753548893983,0.22463753548893983,0.4719103999999561,nan,3.5191711547665747,0,0.6266864529362308,0,0
37,943.814451712,0.0397652479999806,0.10497280000004139,0.646868738306063,0.646868738306063,0.39284224000004997,nan,0.8437043846165189,0,-0.4111019437096317,0.4111019437096317,0.46457292800005234,nan,5.553796879846775,0,0.7664489367984765,0,0
38,963.22505216,nan,nan,-0.001800000000001134,0.001800000000001134,0.023530496000034873,0.08300108800006001,0.0,1,-0.0008999999999996788,0.0008999999999996788,0.0032419840000557087,0.05416729600005965,0.0,1,0.0020124611797506815,1,0
39,1085.6419351040001,0.040041471999984424,0.17305369599989717,-2.1294118404676636,2.1294118404676636,0.49079859199991915,nan,6.399827749054927,0,-1.7326771399407832,1.7326771399407832,0.06905881599982422,0.17537663999996767,1.8386449865175507,0,2.745280469751179,0,0
40,1085.942830336,0.040378368000119735,0.15317171200013036,-1.7223015510735564,1.7223015510735564,0.18990336000001662,nan,3.328169465528898,0,2.889422440769078,2.889422440769078,0.44250905600006263,nan,8.562019851942448,0,3.3637902244418147,0,0
41,1097.702058496,0.04899455999998281,0.16703129600000466,-2.4988862610167626,2.4988862610167626,0.43400064000002203,nan,8.946357054817337,0,-1.6302451368368622,1.6302451368368622,0.06479231999992408,0.20530201599990505,2.3234940718892467,0,2.98364403903659,0,0
42,1098.0460339200001,0.039884799999981624,0.15896857600000658,-2.552045332625841,2.552045332625841,0.09002521599995816,0.4010132480000266,8.710027566860763,0,-0.3725312768933797,0.3725312768933797,0.08084838399986438,nan,4.261468984752131,0,2.579091881271614,0,0
43,1143.16611968,0.045951232000106756,0.16748313600010079,-3.0109458229202346,3.0109458229202346,0.181248000000096,0.30021990399995957,6.427481021375094,0,-1.8348771020875532,1.8348771020875532,0.4000808959999631,nan,1.6914876389451656,0,3.525984788442234,0,0
44,1143.494822656,0.040719616000160386,0.15219328000011956,-2.7771523819654202,2.7771523819654202,0.1709409280001637,0.3129848319999837,5.43437347377127,0,-2.0787300347964575,2.0787300347964575,0.4421544960000574,nan,2.1826463889223717,0,3.468961503133335,0,0
45,1143.8443312640002,0.04101683199996842,0.14176307200000338,-2.3053006039337784,2.3053006039337784,0.17303935999984787,nan,4.11498593789694,0,2.908640922084949,2.908640922084949,0.3042851839998093,nan,9.095220082117073,0,3.71141521365161,0,0
46,1153.7298337280001,0.04082636799989814,0.17095526399998562,-2.3186861483520076,2.3186861483520076,0.48439244799988046,nan,6.36695471653211,0,-1.8840069102859651,1.8840069102859651,0.385169919999953,nan,1.0401711750935476,0,2.987605645423227,0,0
47,1154.047230976,0.04057497600001625,0.1489538559999346,-2.118477724097332,2.118477724097332,0.16699519999997392,0.3480069120000735,6.0481283602450056,0,-1.7305425380287645,1.7305425380287645,0.06777267200004644,0.18810803199994552,1.6029020558443747,0,2.7354570629830124,0,0
48,1154.3613739520001,0.04109286399989287,0.13615180800002236,-2.202691449436321,2.202691449436321,0.1835486719999153,0.4463226880000093,5.347600342006366,0,-1.6053062111070595,1.6053062111070595,0.08295577600006254,0.18440038399990044,5.241142607853803,0,2.725593082769103,0,0
49,1166.049902848,0.040009983999880205,0.17006387199990058,-2.2798491343191936,2.2798491343191936,0.17158476800000244,0.2829414400000587,6.7825633865119315,0,1.772647133240918,1.772647133240918,0.44287334399996325,nan,5.144694101134245,0,2.8879040728949463,0,0
50,1175.5196065280002,0.04050969599984455,0.17676031999985753,0.5002605876664221,0.5002605876664221,0.3246143999999731,nan,5.115795666507982,0,-0.24022513102520904,0.24022513102520904,0.02360831999999391,nan,1.7206557172112156,0,0.5549493392629933,0,0
51,1175.8201233920001,0.04208460799986824,0.15725465599985,0.1383416824840502,0.1383416824840502,0.48488499199993385,nan,4.833044630266997,0,0.07782267952727828,0.07782267952727828,0.10359014400000888,0.25721088000000236,2.2024477968436607,0,0.15872866962626261,0,0
52,1176.141098752,0.04228275200011922,0.13919411200004106,0.5974062379193938,0.5974062379193938,0.4928035840000575,nan,2.7650261566442964,0,0.1759281157182606,0.1759281157182606,0.46353664000002937,nan,1.4825202211999127,0,0.6227719606767642,0,0
53,1605.3277166080002,nan,nan,-2.1113999999999997,2.1113999999999997,0.13857715199992526,0.25933311999983744,0.0,1,-1.693800000000003,1.693800000000003,0.06949119999990216,0.18034406399988256,0.0,1,2.7068373427304437,1,1
54,1626.020924416,nan,nan,-1.7568000000000001,1.7568000000000001,0.143371008000031,0.26356556800010367,0.0,1,-1.7280000000000015,1.7280000000000015,0.07261337599993567,0.16625817599992843,0.0,1,2.4642098611928342,1,1
55,1682.3659778560002,0.03961907199982306,0.15852313599998524,-2.3616098958392087,2.3616098958392087,0.16519449599991276,nan,8.098569216205817,0,-1.6141280676987293,1.6141280676987293,0.06523827199998777,0.34631782399992517,0.9559593851759658,0,2.860526301060438,0,0
56,1689.478884864,0.0405452800000603,0.17434291199992913,-3.0224847123358796,3.0224847123358796,0.49659571200004393,nan,8.49483937204275,0,-1.9716862886478381,1.9716862886478381,0.07525836800004981,0.18680345600000692,2.5913635444634657,0,3.6087339410305646,0,0
57,1689.8295549440002,0.04016281600002003,0.1564871680000124,-3.257979593342384,3.257979593342384,0.15336550400002125,0.3337287679999008,7.8801083061795865,0,-1.2745635600365404,1.2745635600365404,0.07389747199999874,nan,5.033492487999933,0,3.498420114738712,0,0
58,1698.85040512,0.04068044800010284,0.17281254400018042,2.3030331673009545,2.3030331673009545,0.35976422400017327,nan,3.53200291263898,0,-1.68947217986846,1.68947217986846,0.06824576000008165,0.1977551360000689,2.052465666299323,0,2.856269948068241,0,0
59,1699.16714112,0.042366720000018177,0.16813414400007787,3.256181891809632,3.256181891809632,0.22383846400020957,nan,7.288129021778916,0,1.1285306463076488,1.1285306463076488,0.14230886400014242,nan,2.052465666299323,0,3.4462010870238715,0,0
60,1708.176142336,0.05386240000007092,0.18349670399993556,-2.0028759987887614,2.0028759987887614,0.49300633600000765,nan,6.14479802372553,0,-1.9204467036971646,1.9204467036971646,0.07299430400007623,0.20383052800002588,1.9563122339407109,0,2.774820319996483,0,0
61,1708.486867968,0.03956659200002832,0.1560220159999517,-1.828895082092238,1.828895082092238,0.1822807040000498,nan,4.751103046214926,0,1.7798546640262636,1.7798546640262636,0.47262924799997563,nan,4.91152496241056,0,2.552007023179446,0,0
62,1721.415676928,0.04519705600000634,0.1641384960000778,2.421223961116967,2.421223961116967,0.4119260160000522,nan,5.082078620732382,0,1.7490217215008315,1.7490217215008315,0.4039147519999915,nan,4.911341465544776,0,2.98687168324464,0,0
63,1794.033035264,0.05091660800007958,0.1548065280001083,-1.9478039201156818,1.9478039201156818,0.17831091199991533,0.2867389440000352,5.699130079356644,0,-1.5126491259275188,1.5126491259275188,0.06993766400000823,0.17449727999996867,1.508613832141851,0,2.466180749537086,0,0
64,1846.524889856,0.0416245760000038,0.15686400000004141,-2.085619927095566,2.085619927095566,0.16489625600002,0.2922306560001289,4.674060776048485,0,-1.7127551811770179,1.7127551811770179,0.4636992000000646,nan,0.9696682649232748,0,2.698766531389263,0,0
65,1846.9166958080002,0.04663705600000867,0.12996889599980932,-2.1647159567554457,2.1647159567554457,0.15584844799991515,0.3728145919999406,5.665848026432826,0,3.2069046601868685,3.2069046601868685,0.41371417599998495,nan,7.131986157929475,0,3.86913849234683,0,0
66,1876.001333248,0.04109414399999878,0.166389504000108,1.7591848805670187,1.7591848805670187,0.27668992000008075,nan,6.754023593245364,0,-1.452184097487745,1.452184097487745,0.06613043200013635,0.17651916800014078,1.2599727653853243,0,2.2811335114394096,0,0
67,1876.303858944,0.040421632000061436,0.15886694400001034,-2.03089002428675,2.03089002428675,0.15453568000020823,0.465805568000178,2.022690367570611,0,-1.2730440500448879,1.2730440500448879,0.06420275200002834,0.2746777600000314,1.6151252461412753,0,2.3969053890594276,0,0
68,1916.1304988160002,nan,nan,-1.5462000000000007,1.5462000000000007,0.13850086399997963,0.25766655999996146,0.0,1,-1.6308000000000007,1.6308000000000007,0.06722534399978031,0.16738457599990397,0.0,1,2.2472745893637485,1,1
69,1938.5548193280001,0.04065638399993077,0.15486131200009368,1.724077499176663,1.724077499176663,0.26636876799989295,0.41886847999990096,6.766038975987698,0,-1.7378222819620888,1.7378222819620888,0.37425766399996974,nan,1.546218742470625,0,2.447952104688974,0,0
70,1938.8561392640001,0.040743168000062724,0.14128102399990894,-2.42025033146121,2.42025033146121,0.47351142399998025,nan,7.28435114265638,0,-1.9082875115364484,1.9082875115364484,0.3837916160000532,0.48249983999994583,2.360070656567231,0,3.0820728241921973,0,0
71,1939.160788224,0.039138048000040726,0.12191334400017695,-2.384219216872669,2.384219216872669,0.1688624640000853,nan,4.853823398857035,0,2.31795227815908,2.31795227815908,0.46955110400017475,nan,5.769928633607627,0,3.325267513738976,0,0
72,1963.3135562240002,0.04251340799987702,0.15414425599988135,1.721570667137092,1.721570667137092,0.25409382399993774,nan,5.088050258995107,0,-1.6282492932408914,1.6282492932408914,0.07650150399990707,0.21327027199981785,1.671206610772007,0,2.3695994013516954,0,0
73,1963.6150755840001,0.03973324799994771,0.14051967999989756,-0.41349303168015794,0.41349303168015794,0.05196288000001914,nan,4.735827948617672,0,-0.11009497077496277,0.11009497077496277,0.3750492159999794,0.4933099519998905,2.0863190533658695,0,0.42789880794177027,0,0
74,1963.932601856,0.04298444800019752,0.12133657600020342,0.08622251739505771,0.08622251739505771,0.2786055680001027,0.4358942720000414,5.029283565621817,0,-0.09832246713145487,0.09832246713145487,0.4659374080001726,nan,2.755725804559024,0,0.1307732008048937,0,0
75,1974.9720524800002,0.03959961599980488,0.15300249599999916,0.9468434171368303,0.9468434171368303,0.3937377279999055,nan,4.321338390707629,0,0.16818417088195403,0.16818417088195403,0.013473023999949874,nan,0.8772248887807876,0,0.9616643759184386,0,0
76,1975.281504256,0.04137062400013747,0.13666841600002044,0.11184426847912565,0.11184426847912565,0.39389772799995626,0.49700454399999217,4.41325265168013,0,-0.04503656784466159,0.04503656784466159,0.47575142400000914,nan,1.0126508558403486,0,0.12057127698941214,0,0
77,2136.822429952,nan,nan,-1.8252000000000006,1.8252000000000006,0.13428633600005924,0.2647598079997806,0.0,1,-1.7333999999999996,1.7333999999999996,0.07393612799978655,0.17648486400003094,0.0,1,2.5171473139250313,1,1
78,2153.637611264,0.04021913599990512,0.18271180800002185,-1.6484089132056354,1.6484089132056354,0.4884254720000172,nan,5.780569992582922,0,-1.736394013421405,1.736394013421405,0.06574668800021755,0.17757670399987546,1.5581546301470084,0,2.3942255772966505,0,0
79,2153.95392256,0.039914240000143764,0.15611519999993106,-2.896193792872996,2.896193792872996,0.4910630399999718,nan,6.567244224052001,0,1.8130789748377474,1.8130789748377474,0.49043712000002415,nan,6.048205280670061,0,3.416898279854811,0,0
80,2154.288290048,0.04072089600003892,0.1548654080002052,-2.364151606157879,2.364151606157879,0.15669555200020113,0.29642393600033756,5.489548982540985,0,1.2810964133649705,1.2810964133649705,0.1877580800000942,0.3461742080003205,7.5134935885130005,0,2.688944186336985,0,0
81,2163.238477056,0.03965107199974227,0.17333350399985648,-1.5261020695185588,1.5261020695185588,0.46808755199981533,nan,4.945524732047495,0,-1.4694881644095545,1.4694881644095545,0.3886420479998378,nan,1.4860194801670197,0,2.1185804190373774,0,0
82,2163.5548111360004,0.04054835199985973,0.15581542399968384,-2.365399479389704,2.365399479389704,0.15175347199965472,0.304082687999653,4.189106030371249,0,-1.7151679467070622,1.7151679467070622,0.43202662399971814,nan,1.9148136771711464,0,2.9218000928380436,0,0
83,2163.9049323520003,0.040531711999847175,0.13973299200006295,-2.0219607432195925,2.0219607432195925,0.17328588800000944,0.2923381759997028,6.504971575771396,0,1.9498446465466248,1.9498446465466248,0.3225016319997849,nan,6.555893352974078,0,2.80895343371649,0,0
84,2392.598359296,nan,nan,-1.5876000000000001,1.5876000000000001,0.1404183039999225,0.2594224640001812,0.0,1,-1.9025999999999996,1.9025999999999996,0.08011955199981458,0.21032627200020215,0.0,1,2.477975084620505,1,1
85,2409.2811072,nan,nan,-1.8072,1.8072,0.13849113600008423,0.27851827200038315,0.0,1,-1.6659000000000006,1.6659000000000006,0.06814464000035514,0.1681528320000325,0.0,1,2.4578841815675534,1,1
86,2419.21473792,nan,nan,-1.978200000000001,1.978200000000001,0.14072575999989567,0.2715123200000562,0.0,1,-1.6649999999999991,1.6649999999999991,0.07113676800008761,0.17979904000003444,0.0,1,2.585633431095754,1,1
87,2431.356304384,nan,nan,-1.4832,1.4832,0.13312332800023796,0.2623541760003718,0.0,1,-1.7639999999999958,1.7639999999999958,0.08380902400040213,0.21281203200032905,0.0,1,2.3046861478301084,1,1
88,2445.5761630720003,0.04024652799989781,0.15668531199980862,2.422025777634917,2.422025777634917,0.26383513599967046,nan,3.410331255557903,0,-1.6776681964650813,1.6776681964650813,0.06386380799995095,0.39504716800001916,2.410253419677602,0,2.946316249990558,0,0
89,2445.959984128,0.04019046400026127,0.16569471999991947,-4.038074508784309,4.038074508784309,0.36137676799990004,0.43088256000010006,4.5359847778006746,0,5.243802173873249,5.243802173873249,0.2126809599999433,0.2805918720000591,6.656405389512134,0,6.618421789007667,0,0
90,2452.8332313600004,0.047089151999898604,0.1868884479999906,2.61330175347016,2.61330175347016,0.30336665599998014,0.409940479999932,11.40432447941339,0,-1.6479809153693505,1.6479809153693505,0.06677683199995954,0.4429864959997758,4.432333405518406,0,3.089528629437153,0,0
91,2459.5327541760003,0.03993139199974394,0.173913088000063,1.737815194219654,1.737815194219654,0.27937715200005186,nan,5.782715654983088,0,-1.4621098982956564,1.4621098982956564,0.3765969920000316,0.479558655999881,1.0655259739841405,0,2.2710717742851787,0,0
92,2459.844231424,0.04075135999983104,0.15268454399983966,-2.2842407572845573,2.2842407572845573,0.12512153600027887,nan,3.7078683423296788,0,-1.4353493951534837,1.4353493951534837,0.06511974400018516,0.16808140800003457,1.3591826329285652,0,2.697773845860212,0,0
93,2469.320318464,0.05210291200000938,0.18698598399987532,1.5560343641928682,1.5560343641928682,0.3838594560002093,nan,6.212682449222262,0,2.0056060701563396,2.0056060701563396,0.43431321600019146,nan,4.655262996809373,0,2.538444139861474,0,0
94,2478.770365184,0.039918848000070284,0.18695040000011431,1.2342755401685306,1.2342755401685306,0.2365980159997889,nan,4.3953455062708,0,0.18004809957183987,0.18004809957183987,0.01699891199996273,nan,1.1138126731163815,0,1.2473385375341168,0,0
95,2479.082864896,0.040318975999980466,0.15915571200002887,0.22253372006261962,0.22253372006261962,0.4232491520001531,nan,4.163954998676687,0,-0.05437458321706856,0.05437458321706856,0.43475174400009564,nan,1.0592109818941644,0,0.22908044845629727,0,0
96,2515.2623047680004,0.04003891199999998,0.17519999999967695,2.504329107567754,2.504329107567754,0.2761794559996815,nan,7.7389837594377475,0,4.065242321998731,4.065242321998731,0.38690764799957833,nan,6.780115892895122,0,4.774710401226522,0,0
97,2524.536967936,0.05173990399998729,0.17469260799998665,1.5144360658855547,1.5144360658855547,0.018087680000007822,nan,7.908043330578872,0,-3.081546627181252,3.081546627181252,0.33643417600023895,nan,7.236606854434154,0,3.4335763007609237,0,0
98,2530.4913344,0.04326963199991951,0.18268774399984977,1.6937753862843978,1.6937753862843978,0.31615129600004366,nan,5.967075626285979,0,3.734272182609626,3.734272182609626,0.3856778240001404,nan,7.329214266677784,0,4.1004467796808335,0,0
99,2540.326561792,0.04673484800014194,0.17920332799985772,1.2842049390992196,1.2842049390992196,0.3344030719999864,nan,5.307189916642605,0,-1.7074839436639841,1.7074839436639841,0.38476416000003155,0.49338700799989965,1.4009942262685655,0,2.1365120508616706,0,0
100,2540.6372689920004,0.041763327999888133,0.15717887999971936,1.9258055795540088,1.9258055795540088,0.26412876799986407,0.3641103359996123,3.6984006327474646,0,-1.8353478406814645,1.8353478406814645,0.07405695999977979,0.1918146559996785,1.81374564581278,0,2.6603061527830714,0,0
101,2555.342921728,0.04018432000020766,0.1870817280000665,2.560948867000552,2.560948867000552,0.408226816000024,nan,3.7844209438607095,0,-1.488164699932085,1.488164699932085,0.08752640000011525,0.23819366400039144,5.0980886171032935,0,2.9619407950726098,0,0
102,2563.762427392,0.03936435200012056,0.18808192000005874,1.96098927264587,1.96098927264587,0.27602611200018146,nan,5.837253677006235,0,1.6008863905665915,1.6008863905665915,0.4830005759999949,nan,4.293568757280816,0,2.5314652205656527,0,0
103,2564.0640668160004,0.04477132799956962,0.1724636159997317,-2.0342270148335864,2.0342270148335864,0.16332876799970109,nan,3.809968211768936,0,1.49862748115034,1.49862748115034,0.18136115199968117,0.4736514559999705,6.871662229355302,0,2.5266507228221666,0,0
104,2573.0789708800003,0.039747583999997005,0.19031449599970074,4.771678076293045,4.771678076293045,0.46581862399989404,nan,6.2417863688423605,0,-1.7486971871759156,1.7486971871759156,0.0715898879998349,0.19297868800003926,3.4963104877451237,0,5.082012742625962,0,0
105,2586.268115712,0.03985459200021069,0.17680588800021724,1.6642647497834862,1.6642647497834862,0.2727385600001071,nan,4.6331055172785405,0,-1.6700683438603878,1.6700683438603878,0.08139699200000905,0.18258380799989027,2.015399448695028,0,2.357733112660648,0,0
106,2586.5692654080003,0.03987225599985322,0.15747763199988185,0.5058120633352541,0.5058120633352541,0.42147993599974143,nan,3.9339530826348437,0,0.2583926141241797,0.2583926141241797,0.07102515199994741,nan,2.6882699695034695,0,0.5679899527715206,0,0
107,2586.988911104,0.054287615999783156,0.13681126399978893,0.10158305910066545,0.10158305910066545,0.18328448000011122,0.4022853120000036,4.078095978139583,0,-0.18012986673130627,0.18012986673130627,0.45260928000016065,nan,3.467567977238101,0,0.20679914599651386,0,0
108,2587.307359744,0.05060352000009516,0.11949644800006354,0.38297078394231576,0.38297078394231576,0.496409599999879,nan,3.596085139614136,0,-0.38571874305991116,0.38571874305991116,0.4358192639997469,nan,5.041467138251942,0,0.5435490503175492,0,0
109,2587.61906176,0.04009113600022829,0.1064803839999513,0.4924375549320743,0.4924375549320743,0.4434462720000738,nan,1.5167000103388588,0,-0.5220867057296914,0.5220867057296914,0.4393384960003459,nan,7.277828675666385,0,0.71768326844588,0,0
110,2642.88565504,0.03983487999994395,0.17560806400024376,-1.9674442880823362,1.9674442880823362,0.48604032000002917,nan,6.409181827266552,0,-1.8288550388514295,1.8288550388514295,0.06546508800010997,0.23779558400019596,2.214487850617086,0,2.686177168364007,0,0
111,2643.191170048,0.04893542400031947,0.1682498560003296,-2.726881221484545,2.726881221484545,0.1805253120000998,0.29062400000020716,4.145097201423859,0,3.14488159976764,3.14488159976764,0.3824279039999965,nan,8.922857675404348,0,4.162470597210521,0,0
112,2650.237063168,0.040675071999885404,0.16471833600007812,-4.038858462624394,4.038858462624394,0.35636864000025525,nan,10.035365472386049,0,-1.4456278604116246,1.4456278604116246,0.06690124800024932,0.1567677440002626,3.4286352890587075,0,4.289780599507505,0,0
113,2656.6595824640003,0.04652646399972582,0.18015590400000292,3.0721497236008837,3.0721497236008837,0.3642316799996479,nan,2.8601606853455337,0,2.6129841488925223,2.6129841488925223,0.49288499199974467,nan,6.494089656508539,0,4.033086917806826,0,0
114,2665.2092451840003,0.04010342399988076,0.17174220799961404,2.610435200864023,2.610435200864023,0.3262625279999156,0.4167741439996462,8.492551267749075,0,2.2550100471922097,2.2550100471922097,0.3680499199999758,nan,6.02200082670808,0,3.449556819483889,0,0
115,2672.826364672,0.04011264000018855,0.1866122239998731,2.1603073983833703,2.1603073983833703,0.2617779199999859,0.4219642879997991,5.8130764925370855,0,-1.5113527833761715,1.5113527833761715,0.3849346560000413,0.49016960000017207,0.8241763306820076,0,2.636496783864685,0,0
116,2673.141754112,0.042886144000021886,0.15515878400037764,-2.9570886090934003,2.9570886090934003,0.16855603200019686,0.496335616000124,5.501432831013428,0,2.3239261459930596,2.3239261459930596,0.28734361600027114,nan,6.8358118318246355,0,3.760984681444488,0,0
117,2681.345413632,0.03997491200016157,0.153343488000246,-2.2520077143072745,2.2520077143072745,0.15382528000009188,0.29184896000015215,6.341553057243287,0,-1.6307793606545147,1.6307793606545147,0.0720532479999747,0.20451353599992217,5.0118677995755405,0,2.780464002362955,0,0
118,2688.535487488,0.04641868800035809,0.17063065600041227,2.9290246628699537,2.9290246628699537,0.4719004160001532,nan,5.732146656738381,0,1.8704209438904975,1.8704209438904975,0.38108876800015423,nan,5.477840914707443,0,3.4752927909810225,0,0
119,2696.296932864,0.040897536000102264,0.16875315200013574,-1.5499047169363687,1.5499047169363687,0.15148723199990854,nan,3.7363621544433325,0,-1.6051090779514894,1.6051090779514894,0.08115814399980081,0.2011988479998763,1.3995132882680892,0,2.231273130682097,0,0
120,2696.604713984,0.045724671999778366,0.15318886399973053,0.19887774717578566,0.19887774717578566,0.024493055999755597,nan,3.641688874052651,0,0.35293554659835813,0.35293554659835813,0.11545036799998343,nan,2.675292366047433,0,0.405112155303192,0,0
121,2707.692946944,0.043450879999909375,0.16127999999980602,-0.23918365129223762,0.23918365129223762,0.09169843200015748,nan,5.673000655813391,0,0.10488153777163767,0.10488153777163767,0.08170137600018279,0.2268454400000337,1.7286558738253888,0,0.2611684437500637,0,0
122,2708.0017948160003,0.041667583999696944,0.14245580799979507,-0.18686200493556981,0.18686200493556981,0.223480575999929,nan,5.878729356518189,0,-0.08996852539745781,0.08996852539745781,0.4077163520000795,nan,1.9772327103280745,0,0.20739272998524785,0,0
123,2708.3077242880004,0.03962726399959138,0.13592499199967278,0.6599258053103085,0.6599258053103085,0.49386239999967074,nan,4.6577070015462425,0,-0.12585696974440452,0.12585696974440452,0.45240063999972335,nan,2.6703651820090393,0,0.6718199500965293,0,0
124,2708.62707712,0.04350720000002184,0.11169228800008568,0.7174276029075113,0.7174276029075113,0.4899328000001333,nan,1.4400009583280244,0,0.1939243345537136,0.1939243345537136,0.4606986240000879,nan,1.9827453373343218,0,0.7431749544661191,0,0
125,2777.9244055040003,0.04031743999985338,0.1599964160000127,-2.012300189668297,2.012300189668297,0.17565055999966717,nan,3.4051240187663545,0,-1.6735934588856427,1.6735934588856427,0.07778815999972721,0.205788671999926,2.8208415882037343,0,2.6173014956179337,0,0
126,2791.328424192,0.04154572800007372,0.13085926400026437,3.6023289215150065,3.6023289215150065,0.3760184319999098,nan,6.841489325037509,0,-1.8175949013595396,1.8175949013595396,0.0731691519999913,0.19447987200010175,2.430819692572232,0,4.034900851846507,0,0
127,2801.0372999680003,0.05106380799998078,0.14931609599989315,-2.490654871188747,2.490654871188747,0.16561791999993147,nan,5.758817009735953,0,1.7020163455816437,1.7020163455816437,0.38370278399997915,nan,4.558784451099516,0,3.0166573103359497,0,0
128,2811.337626624,0.045803263999914634,0.16508672000009028,-0.404088875364625,0.404088875364625,0.4176898559999245,nan,5.798761339415398,0,-0.18295777567919558,0.18295777567919558,0.012306688000080612,0.14711039999974673,1.7336063343103945,0,0.4435779152245142,0,0
129,2811.639118336,0.0469544960001258,0.14722278399995048,0.45182994182621883,0.45182994182621883,0.05125171200006662,0.45269068800007517,6.003376234047,0,-0.07371941215097166,0.07371941215097166,0.4839715839998462,nan,2.217384661479663,0,0.45780437750044406,0,0
130,2811.943126016,0.04906214400034514,0.13008051200040427,0.6489418332857468,0.6489418332857468,0.4994442240003991,nan,4.413093060550736,0,-0.1762932035581244,0.1762932035581244,0.4099051520001922,nan,3.0220754838313084,0,0.6724617436026025,0,0
131,2812.2529884160003,0.040645631999723264,0.12249139200002901,0.8305847714543901,0.8305847714543901,0.4402086400000371,nan,1.4819159869955172,0,-0.2236735544949262,0.2236735544949262,0.4900262399996791,nan,4.208041941139729,0,0.8601749365985597,0,0
132,2875.5366128640003,0.04130150399987542,0.15536409600008483,2.329062576817857,2.329062576817857,0.4906974719997379,nan,5.719322936701753,0,-1.7651653817721833,1.7651653817721833,0.06783308800004306,0.1674291199997242,2.1569549730712865,0,2.9223862358936015,0,0
133,2885.973466624,0.04024012799982302,0.1667655679998461,-1.7258807656658641,1.7258807656658641,0.4665497599999071,nan,7.178479763400917,0,-1.900079396200681,1.900079396200681,0.0656565760000376,0.1746053120000397,1.9730965508228593,0,2.5668981532506767,0,0
134,2886.2887628800004,0.04013542399979997,0.14315468799986775,-2.4161180930368005,2.4161180930368005,0.1512535039996692,nan,4.050340721973967,0,-1.8792109023822139,1.8792109023822139,0.07912268799964295,0.202828543999658,3.7676161213184756,0,3.0608920685205416,0,0
135,2899.5107041280003,0.03990630399994188,0.13906534399984594,-1.8764573435249172,1.8764573435249172,0.27184230400007436,nan,7.38865978343987,0,1.945899209801798,1.945899209801798,0.4736596479997388,nan,4.153981359413361,0,2.703260234749117,0,0
136,2913.045601536,0.04229580800028998,0.13452723199998218,-1.2440056335151137,1.2440056335151137,0.14214169600018067,nan,1.4301209352121944,0,-1.7420096825745741,1.7420096825745741,0.07266073600021627,0.18254540800035102,3.3834101833550783,0,2.1405951860174093,0,0
137,2936.387783168,0.0401971199999025,0.1526023679998616,-2.427054316413221,2.427054316413221,0.1736232960001871,0.27973734399984096,6.0741192483682145,0,2.342231489281943,2.342231489281943,0.40935270399995716,nan,7.4215872620798,0,3.372927660683513,0,0
138,2944.022711552,0.040609023999877536,0.15174220800008698,-3.032627196758506,3.032627196758506,0.17216870399988693,0.3333980160000465,4.859382276833488,0,-1.8655053660224326,1.8655053660224326,0.08169062400020266,0.21229055999992852,4.736958516678797,0,3.560468787277575,0,0
139,2950.3932968960003,0.039838463999785745,0.16551475200003551,-0.26516982363760455,0.26516982363760455,0.019656191999729344,nan,5.388763346375091,0,-0.21316600899193006,0.21316600899193006,0.4831910399998378,nan,1.44816555186911,0,0.34022754555965323,0,0
140,2951.4255649280003,0.04017484799987869,0.10428671999989092,0.5040000000000013,0.5040000000000013,0.3486143999998603,nan,0.26569975065048723,1,-0.24693658018217413,0.24693658018217413,0.3731932159998905,nan,4.499815667083762,0,0.5612429729021724,0,0
141,2994.526139136,0.04605695999998716,0.11314816000003702,-1.5155999999999992,1.5155999999999992,0.1392506880001747,0.3200273920001564,0.04900855760351419,1,2.2773145198447082,2.2773145198447082,0.4308843520002483,nan,6.912560352637353,0,2.735544695722505,0,0
142,3000.88974976,0.04023987200025658,0.15522764800016375,-2.43867009445297,2.43867009445297,0.1675100160000511,0.2955712000002677,5.650213905700534,0,3.469006455607655,3.469006455607655,0.3250744320002923,0.43914982400019653,4.506328449110821,0,4.240414793227997,0,0
143,3007.807127552,0.040485632000127225,0.1463139840002441,-2.4141671011403307,2.4141671011403307,0.15845631999991383,nan,9.134384563751025,0,3.0392783986446155,3.0392783986446155,0.3909027839999908,0.488312832000247,4.184064732909096,0,3.881419325027391,0,0
144,3013.009114368,0.04057523199981006,0.15694361599980766,-2.5259959693792986,2.5259959693792986,0.15436928000008265,0.3964518399998269,2.9074254539764794,0,-1.6506782808556189,1.6506782808556189,0.0733498879999388,0.16384255999992092,5.557898591071233,0,3.017514610438353,0,0
145,3021.9286336,0.040116480000051524,0.15827840000019933,-1.60029656637382,1.60029656637382,0.1712030720000257,nan,6.559239760546976,0,-1.5971688209677488,1.5971688209677488,0.07276313600004869,0.1819461120003325,5.2598154956007015,0,2.2609505397109744,0,0
146,3028.2679700480003,0.04061747200012178,0.1580702719998044,-2.74885893752505,2.74885893752505,0.1712053759997616,0.3736668159999681,5.359339221480212,0,-1.8112340018606758,1.8112340018606758,0.08135039999979199,0.19324902400012434,5.720939320215223,0,3.29192862436408,0,0
147,3034.683499264,0.040820480000093085,0.1536698879999676,3.1466048714042207,3.1466048714042207,0.47068620800018834,nan,4.9812398813841305,0,-1.9168630888964842,1.9168630888964842,0.06788966400017671,0.19804851200024132,1.1481531722088292,0,3.6844926812681473,0,0
148,3041.2007539200004,0.0415516159996514,0.15143270399994435,-3.092442899062978,3.092442899062978,0.17283609599962801,nan,4.507817740791982,0,2.9942711493473286,2.9942711493473286,0.42233062399964183,nan,2.9083725312949085,0,4.30451655819545,0,0
149,3047.452267776,0.04087040000013076,0.14167910400010442,-2.281326393760299,2.281326393760299,0.1726735360002749,nan,5.5543652727244766,0,3.4994201503021873,3.4994201503021873,0.4831603200000245,nan,7.410932757511272,0,4.177366575153341,0,0
150,3052.9706874880003,0.0400770559999728,0.15640012799985925,-3.216636619602439,3.216636619602439,0.18403532799993627,nan,10.109486521529458,0,2.272021285256402,2.272021285256402,0.34295603200007463,nan,4.62611971744219,0,3.9381254250246474,0,0
151,3058.019808512,0.04067942400024549,0.15379225600008795,-0.30721181581012047,0.30721181581012047,0.021187840000038705,nan,4.869190319438239,0,-0.2086905964520902,0.2086905964520902,0.0029547520002779493,0.12376422400029696,2.084532130924437,0,0.3713904479397398,0,0
152,3058.4884344320003,0.03985203199999887,0.12512153599982412,0.5932371355466852,0.5932371355466852,0.4936130559999583,nan,3.7313558606822426,0,0.19397680263923434,0.19397680263923434,0.4946672639998724,nan,2.0064655935802236,0,0.6241452546913873,0,0
153,3102.3550174720003,0.039796991999992315,0.15522841599977255,2.610784943773206,2.610784943773206,0.41527270400001726,nan,4.495996717063242,0,-1.7015078400454513,1.7015078400454513,0.07554278399993564,0.2006492159998743,1.092208625576209,0,3.116300202542913,0,0
154,3111.2031011840004,0.04075622399977874,0.15537894399994912,-2.757020316687907,2.757020316687907,0.17403750399989804,nan,7.898632856621884,0,-1.8478671896910566,1.8478671896910566,0.3952122879995841,nan,1.0156536323481298,0,3.3190019851405044,0,0
155,3111.518463488,0.03995187200007422,0.1409297919999517,1.332862126139986,1.332862126139986,0.498397696000211,nan,4.652189088776797,0,-6.502407087578993,6.502407087578993,0.38979840000001786,nan,8.199639649262842,0,6.637606449609372,0,0
156,3119.7721039360003,0.04074137599991445,0.15380684799993105,-2.861157208043064,2.861157208043064,0.1576465919997645,0.458011391999662,4.422129817059279,0,3.633141217152641,3.633141217152641,0.477531135999925,nan,7.232878548568557,0,4.624493017932902,0,0
157,3127.510404352,0.040079872000205796,0.1602823680000256,-2.344913740474963,2.344913740474963,0.18825420800021675,nan,7.186099832443443,0,-1.9250663272803674,1.9250663272803674,0.07195801600028062,0.2420953600003486,3.808657918166233,0,3.0338920242317466,0,0
158,3134.1454656,0.04019584000025134,0.15614080000023023,-3.4249013089978337,3.4249013089978337,0.16304639999998471,0.41392819200018494,4.353113287285282,0,3.0979021447717976,3.0979021447717976,0.38400972799990996,0.4948134400001436,3.590550036656186,0,4.618110725714226,0,0
159,3143.3787980800003,0.04078003199992963,0.15364607999981672,-3.7045191409876495,3.7045191409876495,0.15271807999988596,0.32394265599987193,7.524094718109382,0,-8.01145772709679,8.01145772709679,0.4967022079999879,nan,9.256078256254945,0,8.826489504837285,0,0
160,3152.289463808,0.05378073600013522,0.1545856000002459,-2.8699312722132273,2.8699312722132273,0.18628249599987612,0.32370201599997017,6.746752378954888,0,-1.9649126820601417,1.9649126820601417,0.07283660800021607,0.28265344000010373,1.3426619938815207,0,3.478129864646835,0,0
161,3152.8182430720003,0.04008063999981459,0.12226534399997036,-1.81176752164642,1.81176752164642,0.1633968639998784,nan,3.7511991189160057,0,1.6532423632005369,1.6532423632005369,0.2331171840000934,nan,5.683953329544444,0,2.4526948167217433,0,0
162,3161.401280512,0.04079385600016394,0.14067174399997384,-3.110175766331226,3.110175766331226,0.17963878399996247,nan,9.478637930372848,0,-2.0882570321149814,2.0882570321149814,0.0795253760002197,0.19799603199999183,2.6019271525421246,0,3.746199504785043,0,0
163,3161.7815398400003,0.04141875200002687,0.1357580799999596,-2.2822710498720884,2.2822710498720884,0.05617919999986043,nan,4.927820916774053,0,1.972084503711491,1.972084503711491,0.05787673599979826,nan,5.9824793379916095,0,3.0162689593043988,0,0
164,3172.069658368,0.04004326399990532,0.14292864000026384,-0.2522605846833015,0.2522605846833015,0.03457075200003601,nan,4.692050017765272,0,-0.20485530513331618,0.20485530513331618,0.0334563840001465,nan,0.79773398096901,0,0.3249632265749853,0,0
165,3172.890509824,0.04032358399990699,0.10696524800005136,0.47886760401260986,0.47886760401260986,0.4743743999997605,nan,3.519106053472999,0,-0.12614276247081158,0.12614276247081158,0.48535961600009614,nan,1.9350507569902042,0,0.49520316910995765,0,0
166,3173.320791296,0.040769535999970685,0.10082406399988031,0.25200000000000067,0.25200000000000067,0.3748595199999727,nan,0.11916838433186072,1,-0.24387946464090327,0.24387946464090327,0.4559175680001317,nan,3.3337891714058188,0,0.35068674522076526,0,0
167,3269.18113408,0.04113510400020459,0.14349491200027842,-2.7922420766206795,2.7922420766206795,0.15094937600042613,nan,9.609590408764042,0,-1.921812759844963,1.921812759844963,0.07219404800025586,0.1728481280001688,3.5850966933535418,0,3.389687315720121,0,0
168,3275.535390208,0.0401664000000892,0.15283302400030152,-2.6446173574980154,2.6446173574980154,0.15781785600029252,nan,6.917825160645023,0,-1.8533054340284956,1.8533054340284956,0.07071590400028072,0.19003110399989964,0.7156330054020685,0,3.2293562825088435,0,0
169,3275.8476313600004,0.04040729600001214,0.1389841919999526,-2.3688553167076947,2.3688553167076947,0.2592327679999471,nan,6.786615672034976,0,2.3330110084693807,2.3330110084693807,0.25700172799997745,0.47715302400001747,4.042806303777979,0,3.3248181720409358,0,0
170,3283.519924736,0.040500992000033875,0.14307788799987975,-1.9558031338727888,1.9558031338727888,0.1560652799998934,0.305632512000102,5.604217495063795,0,-1.7408517924494245,1.7408517924494245,0.06652851199987708,0.18811776000029568,0.8031057739449388,0,2.6183450616259494,0,0
171,3284.638969088,0.039974656000140385,0.09626419200003511,-1.633499999999998,1.633499999999998,0.13871667200010052,0.2694167039999229,0.035576658274038664,1,-3.0702680161893685,3.0702680161893685,0.22055936000015208,0.4390351360002569,8.681309367915159,0,3.4777676663680963,0,0
172,3303.8089341440004,0.0407874559996344,0.14032972799986965,-2.280800896802617,2.280800896802617,0.17472102399960932,nan,8.39525292050233,0,1.8841128027646228,1.8841128027646228,0.28580582399990817,0.4931793919995471,3.48652156427395,0,2.9583667427141593,0,0
173,3320.4967444480003,0.04033664000007775,0.13721983999994336,-2.8401242165437672,2.8401242165437672,0.15419392000012522,nan,8.028592012811217,0,2.9767974447771284,2.9767974447771284,0.3847508479998396,0.4862156799999866,6.478555820944209,0,4.11431994291037,0,0
174,3331.2972807680003,0.04026444800001627,0.1396351999997023,-3.720485840994023,3.720485840994023,0.15933772800008228,0.43405030399981115,5.442102748051276,0,1.9672743594355069,1.9672743594355069,0.3041141759999846,0.42423398399978396,3.044416122964158,0,4.208584476796133,0,0
175,3377.91667072,0.04212095999992016,0.15626419199998054,-1.8627174113292666,1.8627174113292666,0.17097984000020006,0.267851520000022,8.291319618028371,0,-7.389353305556618,7.389353305556618,0.45876326400002654,nan,6.163223156452318,0,7.620515627489371,0,0
176,3378.2935669760004,0.04050918399980219,0.1366492159995687,-2.1776343600021626,2.1776343600021626,0.1518750719997115,0.2625075199998719,4.856575185881901,0,-7.442392934377986,7.442392934377986,0.08186700799979008,0.3519879679997757,14.326797381435139,0,7.754437696928218,0,0
177,3420.49799552,0.04100326400021004,0.14020096000012927,1.402833834883559,1.402833834883559,0.0011010560001523118,nan,6.714062647191142,0,-1.657315968545479,1.657315968545479,0.37294668799995634,0.49240678400019533,0.2788485905801963,1,2.1713219447815546,0,0
178,3420.804440576,0.040419072000076994,0.1385410560001219,-1.8927950451429272,1.8927950451429272,0.21772876800014274,nan,5.880188399937186,0,-4.5441412812622435,4.5441412812622435,0.2068712959999175,0.37724876799984486,7.874074519268742,0,4.922590077082316,0,0
179,3427.60913152,0.04025932800004739,0.1517831680002928,-1.5363030194747482,1.5363030194747482,0.15155814400031886,nan,7.038991413113926,0,-1.7823703136572924,1.7823703136572924,0.08138880000024074,0.16174720000026355,2.3899723450659813,0,2.3530981498131402,0,0
180,3435.3157539840004,0.04497382399995331,0.1390743039996778,1.4793304585261229,1.4793304585261229,0.2780070399999204,nan,5.213750663744193,0,-1.763719466309439,1.763719466309439,0.06865638399995078,0.20923443199990288,1.5965164693763079,0,2.3019828325515292,0,0
181,3435.9934410240003,0.04141107199984617,0.10523775999990903,-1.9041171817436293,1.9041171817436293,0.14208972799997355,0.2708700160001172,2.9296449346067703,0,-1.8022276679834803,1.8022276679834803,0.08169241599989618,0.29258291199994346,1.234439046135826,0,2.6217716927788497,0,0
182,3490.1616829440004,0.040802047999932256,0.12413542399963262,-1.7521555188073705,1.7521555188073705,0.06520319999981439,nan,2.6466483736456325,0,2.2477952295348587,2.2477952295348587,0.3385717759997533,0.45467059199972937,2.279853697418229,0,2.850023220257476,0,0
183,3499.734209792,0.040465920000315236,0.1362534400000186,-1.6695765863409902,1.6695765863409902,0.144802816000265,nan,4.2677954406359895,0,-1.601808734281013,1.601808734281013,0.07684684800005925,0.16474419200039847,4.197102850749655,0,2.313715021102853,0,0
184,3507.13197952,0.04078131200003554,0.14407116800020958,-1.7736977347780165,1.7736977347780165,0.1691934720001882,nan,6.793182112668848,0,-2.124394313632216,2.124394313632216,0.45891635199996017,nan,0.5319611516212106,0,2.7674997478138206,0,0
185,3507.512503808,0.03933132800011663,0.13582438399998864,-1.699874148398603,1.699874148398603,0.13858867200042368,0.3187002880004002,5.462023396877264,0,-2.14384393509361,2.14384393509361,0.07839206400012699,0.19942118400012987,0.5555231731976384,0,2.7359895720619134,0,0
186,3514.4202828800003,0.043870720000086294,0.13339391999988948,2.457553119759867,2.457553119759867,0.4909847039998567,nan,5.383221637530678,0,-2.354587918933756,2.354587918933756,0.0803781119998348,0.2223183359997165,3.768473208452445,0,3.4034763998638584,0,0
187,3514.76720512,0.04067737600007604,0.12393139200003134,1.238737028869327,1.238737028869327,0.41735244800020155,nan,1.3121552420737288,0,0.20606436308034937,0.20606436308034937,0.13391232000003583,nan,3.443447498001376,0,1.2557595105846173,0,0
188,3521.58433792,0.042353408000053605,0.125036800000089,0.7386353907202441,0.7386353907202441,0.4788866560002134,nan,2.295397803026688,0,-0.23916056134105546,0.23916056134105546,0.23816601600037757,nan,4.069139937442401,0,0.7763890870725942,0,0
189,3535.560616704,0.04036659200028225,0.13298073600026328,2.0029952649051754,2.0029952649051754,0.4957844479999949,nan,6.447501865585831,0,0.15948362884294198,0.15948362884294198,0.006126848000349128,0.08518809600036548,2.6299673713816567,0,2.009334481638502,0,0
190,3535.879461888,0.04502656000022398,0.11588531200004581,0.8424965038467498,0.8424965038467498,0.48632064000003083,nan,2.7725616280411174,0,-0.168357074384609,0.168357074384609,0.46817433600017466,nan,3.6686450927745433,0,0.8591533410802412,0,0
191,3580.4731939840003,0.0404037119997156,0.135883007999837,1.9778806658935544,1.9778806658935544,0.10925388799978464,nan,2.986866452121493,0,-2.0445357163210502,2.0445357163210502,0.08053862399992795,0.22340915199993105,2.227306906680429,0,2.844668385564117,0,0
192,3580.870404352,0.04103884799997104,0.13441843200007497,-2.407028989376755,2.407028989376755,0.1423170560001381,0.42395059199998286,2.768303445071023,0,-2.058373524214282,2.058373524214282,0.0725473279999278,nan,1.241018614599902,0,3.167126476932427,0,0
193,3587.969970944,0.04096972800016374,0.12478387200008001,1.2119365990340185,1.2119365990340185,0.010703616000228067,nan,6.139513704064829,0,-2.262450653924727,2.262450653924727,0.3909821440001906,nan,3.0308027006355758,0,2.5666073485289034,0,0
194,3588.285504768,0.041481216000192944,0.1204062720003094,4.396467985194187,4.396467985194187,0.42595968000023277,nan,3.4014020288105478,0,-2.2805275828004063,2.2805275828004063,0.0754483200003051,0.20817920000035883,2.411316342924973,0,4.952750427868429,0,0
195,3597.143689472,0.040584192000096664,0.13565977600001133,-1.491330596295116,1.491330596295116,0.1757660160001251,0.26571264000040173,7.027036028164204,0,-1.821737774167552,1.821737774167552,0.39796915200031435,nan,1.419023113345748,0,2.3543142239885677,0,0
196,3597.472379136,0.04030540800022209,0.12184140799990928,-1.4352298736982618,1.4352298736982618,0.13666073600006712,nan,3.498260713123262,0,-1.8645457370392826,1.8645457370392826,0.06927948800012018,0.17763584000022092,1.368655266263012,0,2.352958902290325,0,0
197,3614.6002472960004,0.04024832000004608,0.12228607999986707,1.2318253950778004,1.2318253950778004,0.011050239999804035,0.4121244159996422,3.6615001872524147,0,-1.844997250251165,1.844997250251165,0.08091238399993017,0.22064947199987728,2.1958541402134024,0,2.2184248144557297,0,0
198,3614.9096657920004,0.040350975999899674,0.11665971200000058,-1.6539585495773927,1.6539585495773927,0.14456038399976023,0.25421260799976153,4.021780601568974,0,-1.6975068888765854,1.6975068888765854,0.08124339200003305,0.17166489600003842,2.0709961764925424,0,2.3700439914701197,0,0
199,3621.851067904,0.04065817600030641,0.1251210240002365,-2.0774983459856333,2.0774983459856333,0.1531054080001013,0.26434867200032386,4.480871280625422,0,-1.730458919966452,1.730458919966452,0.4129006080002,nan,1.388302428542005,0,2.7037913105978615,0,0
200,3622.198393344,0.0407979520000481,0.12012467200020183,-1.604917991549632,1.604917991549632,0.14572620800026925,0.25663641600021947,4.449009675349025,0,-1.8683796624618356,1.8683796624618356,0.06557516800012309,0.1761239040001783,1.3050822225855327,0,2.463047771095946,0,0
201,3629.568901376,0.04003839999995762,0.12088140800005931,2.3773077435118406,2.3773077435118406,0.49392716800002745,nan,4.465379061680306,0,0.15732039894449912,0.15732039894449912,0.007680512000206363,0.16587110399996163,1.4650671488030937,0,2.382507463846738,0,0
202,3629.884708864,0.04028134400005001,0.1061662720003369,0.9536335364935145,0.9536335364935145,0.46698035200006416,nan,0.6985810839337852,0,-0.13387473566144692,0.13387473566144692,0.006700544000068476,nan,1.915924372420175,0,0.9629846139858879,0,0
203,3690.516133632,0.04243430399992576,0.11988300800021534,1.4512623893518288,1.4512623893518288,0.3518359039999268,nan,4.934656957425851,0,-2.1207092173549036,2.1207092173549036,0.4357132800000727,nan,2.152859117357192,0,2.569741252990508,0,0
204,3690.869234176,0.040610303999983444,0.11261260799983575,-1.7352027372322816,1.7352027372322816,0.1394314240001222,nan,2.780646655745798,0,-2.1696716230436763,2.1696716230436763,0.082612736000101,0.19900134399995295,1.9849205825062874,0,2.7782014849789753,0,0
205,3701.836674304,0.04113433600014105,0.11771622400010529,2.3153411598906377,2.3153411598906377,0.24470707199998287,nan,4.839780711489691,0,-3.1238543879269045,3.1238543879269045,0.4752540160002354,nan,7.838576485339274,0,3.888350668812408,0,0
206,3720.612050688,0.0398118399998566,0.12127308800018,1.7403997804775226,1.7403997804775226,0.12357452800006286,0.4445757439998488,1.7094688148177433,0,-1.789078507066229,1.789078507066229,0.4055498239999906,nan,2.4608840364571556,0,2.4959553882897296,0,0
207,3720.9456053760005,0.04069913599960273,0.10959564799986765,-2.10555534578614,2.10555534578614,0.13109171199994307,0.26605107199975464,1.7975130473442142,0,-1.9035479697616324,1.9035479697616324,0.07199513599971397,0.17271807999986777,2.3205277858044724,0,2.838460531230305,0,0
208,3728.196536576,0.04003737599987289,0.12160332800021934,1.5855627939636143,1.5855627939636143,0.3926530560001993,nan,3.396749813762913,0,-1.7485569277417436,1.7485569277417436,0.07339161600020816,0.19299481600000945,3.5128424859343994,0,2.360394183850517,0,0
209,3744.766100224,0.04032460799999171,0.11520819199995458,1.6818833905124286,1.6818833905124286,0.4923376639999333,nan,3.1534343241143006,0,-2.2150438060967232,2.2150438060967232,0.07277030400018702,0.2553715200001534,4.210147080418906,0,2.7812139080281186,0,0
210,3759.3889676800004,0.04072499199992308,0.1280780799997956,1.5743208963494553,1.5743208963494553,0.22484044799966796,nan,2.552959716940652,0,-1.8885711073206863,1.8885711073206863,0.0671242240000538,0.17466495999997278,1.2460021533657581,0,2.4586962220024327,0,0
211,3759.70415872,0.04051840000010998,0.10989542400011487,-1.3962897052199352,1.3962897052199352,0.13339519999999538,nan,1.1130690037499598,0,-1.9316025132873484,1.9316025132873484,0.07873280000012528,0.1993871360000412,1.252733701646445,0,2.383424681050604,0,0
212,3771.5026050560004,0.05199078399982682,0.11480959999971674,1.6542580145284553,1.6542580145284553,0.49276031999988845,nan,3.836495443476796,0,3.604341262471646,3.604341262471646,0.40276019199973234,nan,3.7352871605734386,0,3.9658347816049178,0,0
213,3781.1117616640004,0.04023475199983295,0.1193489919996864,1.3522300644688219,1.3522300644688219,0.40663321600004565,nan,3.756257851406435,0,0.10662451220767721,0.10662451220767721,0.006493183999737084,0.12652185599972654,1.9988152602163325,0,1.3564272681780174,0,0
214,3781.414401024,0.04016819200023747,0.10547865599983197,0.4535290676278816,0.4535290676278816,0.4948536319998311,nan,2.850152443030389,0,-0.1630098205699433,0.1630098205699433,0.4655682560000969,nan,3.0541879561046734,0,0.48193445278965136,0,0
215,3781.727649536,0.04007551999984571,0.08891852800024935,0.3690851833586404,0.3690851833586404,0.3920696320001298,nan,0.9017803749141571,0,-0.30223606213851006,0.30223606213851006,0.49236556799996833,nan,4.615787476573175,0,0.477043509369821,0,0
216,3782.031901952,0.040402176000043255,0.08282188800012591,0.6746303271088827,0.6746303271088827,0.4987210240001332,nan,0.7682303271088848,0,-0.5927328195760477,0.5927328195760477,0.4496619520000422,nan,7.360737822300198,0,0.8980302186773057,0,0
217,3782.4173987840004,0.046054911999817705,0.0721175039998343,1.6078648126131299,1.6078648126131299,0.3745863679996546,nan,4.570664812613131,0,-1.0016705671343118,1.0016705671343118,0.2830768639996677,nan,9.296288309922765,0,1.8943529715189378,0,0
218,3807.787281408,0.04028543999993417,0.10930432000031942,1.6283172992697335,1.6283172992697335,0.4882552320000286,nan,3.3848066799617875,0,0.12788624554211658,0.12788624554211658,0.008460800000193558,0.28816076800012524,2.9201535110506853,0,1.6333316010228718,0,0
219,3808.088652032,0.03985510400025305,0.10294092800040744,0.5304734290100619,0.5304734290100619,0.4578521600001295,nan,1.3467999810770017,0,-0.24638478049890367,0.24638478049890367,0.4687966720002805,nan,4.172008757674995,0,0.5848995802248332,0,0
220,3809.089538816,0.039764736000051926,0.07412428799989357,2.6781307244737818,2.6781307244737818,0.4711413760001051,nan,10.315530724473785,0,-1.567133127175083,1.567133127175083,0.4689751040000374,nan,14.050302477866829,0,3.102948664683323,0,0
221,4822.935202816,0.04066355200029648,0.1676456960003634,-2.1045087466654326,2.1045087466654326,0.15571455999997852,nan,10.690467531809047,0,-2.8502878972987205,2.8502878972987205,0.08441932799996721,0.2359902719999809,3.233350505873897,0,3.5430351624389607,0,0
222,4842.959324672001,0.03974399999970046,0.17456870400019397,-2.4257505117292695,2.4257505117292695,0.17421772799934843,0.28690022399950976,3.388069171229189,0,3.231515080810201,3.231515080810201,0.35717990400007693,nan,6.2463217655715475,0,4.040662725674907,0,0
223,4858.445255424001,0.041022720000000845,0.1789107199992941,-2.045896027957536,2.045896027957536,0.15736268799992104,nan,4.8506931336209504,0,2.937320640072695,2.937320640072695,0.4071014399996784,nan,6.940330458168617,0,3.579600969355312,0,0
224,4872.032166144,0.040235520000351244,0.20232499200028542,-2.644540425044479,2.644540425044479,0.15235328000017034,0.304162303999874,3.651156137675466,0,-1.8286151042149577,1.8286151042149577,0.07391999999981635,0.22189312000045902,2.3610402251969766,0,3.215186971088542,0,0
225,4872.392471808001,0.049985023999397526,0.17378611200001615,-2.4882094823914525,2.4882094823914525,0.44346649599992816,nan,7.602825041837608,0,1.7992753902340848,1.7992753902340848,0.3031052799997269,0.45281535999947664,3.51156687414737,0,3.0705990226932527,0,0
226,4884.287601408,0.040698880000491044,0.17428531200039288,-1.7144553343259368,1.7144553343259368,0.15339443199991365,nan,2.9913235950645287,0,-1.410782993295534,1.410782993295534,0.07307315199977893,0.44317593600044347,2.942654616878457,0,2.220285059980039,0,0
227,4890.805428736,0.040613631999804056,0.19382912000037322,-5.650421229555721,5.650421229555721,0.2901949440001772,0.42783872000018164,9.51282425246239,0,-2.159093379159602,2.159093379159602,0.288651519999803,0.40747903999999835,4.1005761275875905,0,6.048879589754189,0,0
228,4901.9752739840005,0.03984563199992408,0.17343692800022836,-2.210718949962586,2.210718949962586,0.1562926079996032,0.37520127999960096,4.730247755314743,0,2.6042599400035655,2.6042599400035655,0.43577497600017523,nan,6.169107017269269,0,3.416057392789391,0,0
229,4913.795080704001,0.040363520000028075,0.17457612799989874,-2.0611661033342132,2.0611661033342132,0.18250521599929925,nan,6.605769179872373,0,3.0521058067106015,3.0521058067106015,0.3966597119997459,nan,5.938623860734133,0,3.6829004277729958,0,0
230,5051.451225856001,0.043652351999298844,0.1747594239996033,2.0451781185846043,2.0451781185846043,0.4697031679997963,nan,3.7446545177387023,0,-1.6563349453238025,1.6563349453238025,0.06986726399918552,0.1792481279999265,3.744301055797308,0,2.631767274634683,0,0
231,5057.851428864,0.0400463360001595,0.3093667840003036,2.2164040040811672,2.2164040040811672,0.16926848000002792,0.4098019840002962,3.9763357347415216,0,1.7164848485137512,1.7164848485137512,0.1296256000005087,0.2505730560005759,1.7898651080591819,0,2.8033492369814197,0,0
232,5070.66097024,0.04019379200053663,0.17702169600033812,-2.1210489467854368,2.1210489467854368,0.16738380800052255,0.3277803520004454,7.160344981046354,0,-2.0203935956829078,2.0203935956829078,0.06727219200001855,0.1887490560002334,2.7300005371340035,0,2.9293069002984513,0,0
233,5077.87621888,0.04007116800039512,0.18387891200018203,-2.158621108594163,2.158621108594163,0.1745500160004667,0.2950745600001028,5.265539686300659,0,-1.7989534813158432,1.7989534813158432,0.06778547199974128,0.23568921600053727,2.9439428676101222,0,2.8099606257751524,0,0
234,5093.952654592001,0.04044518399950903,0.1749465599996256,-1.6055833842755174,1.6055833842755174,0.1683837439995841,0.280964863999543,6.222372470101444,0,3.286467624988177,3.286467624988177,0.4968081919996621,nan,5.887524692119641,0,3.6576997490167305,0,0
235,5102.671540736001,0.04051046399945335,0.17341081599988684,-2.4416161646477317,2.4416161646477317,0.18183347199919808,nan,6.485788946757028,0,-1.7417616905431128,1.7417616905431128,0.07216179199986072,0.25182028800008993,5.334525814755597,0,2.999203774689659,0,0
236,5108.95195776,0.0462586880003073,0.1929809920002299,-2.2878857648897766,2.2878857648897766,0.19567155200002162,0.3326919680002902,5.212431837809547,0,3.734470505194764,3.734470505194764,0.3535418880001089,nan,6.097106111798652,0,4.379576603663294,0,0
237,5116.63958912,0.03999257600025885,0.19121587200061185,2.966245865741074,2.966245865741074,0.38887961599994014,nan,4.738437624772146,0,-2.0046383546435607,2.0046383546435607,0.06684774400036986,0.20840422400033276,3.7621347499090945,0,3.580110259326388,0,0
238,5122.94802048,0.05111936000048445,0.18319359999986773,-2.690786076032995,2.690786076032995,0.16140160000031756,0.2903403520003849,5.239989642456257,0,-1.848384645655857,1.848384645655857,0.07017932800044946,0.21308313600002293,1.0165512292788037,0,3.264483956963087,0,0
239,5167.505390592,0.039120895999985805,0.17076198399990972,-1.981733786949424,1.981733786949424,0.13242598400029237,0.27317888000015955,5.020450125087271,0,3.9819818412207333,3.9819818412207333,0.34304255999995803,0.4642954239998289,6.126743654944715,0,4.4478588316344485,0,0
240,5178.33288064,0.049928192000152194,0.17243263999989722,-1.8244715834023602,1.8244715834023602,0.16659788800006936,nan,4.900248902484471,0,-4.215914425394216,4.215914425394216,0.48407270400002744,nan,6.30696555221224,0,4.593760006888666,0,0
241,5187.8775201280005,0.04359961599948292,0.1711600640001052,-1.8341917214397911,1.8341917214397911,0.17330585600029735,0.34398694399988017,4.896480936972829,0,-1.7694470533695945,1.7694470533695945,0.4338268159999643,nan,0.4953837187881689,1,2.5485686464516912,0,0
242,5188.244495616001,0.03999308799939172,0.16006169599950226,2.642163066301068,2.642163066301068,0.3889791999999943,nan,5.2649373571659375,0,3.5891825968767144,3.5891825968767144,0.2191160319998744,0.32920243199987453,6.936799616210244,0,4.456821443882191,0,0
243,5230.397179648,0.04587084800004959,0.181798143999913,-2.7504561369209366,2.7504561369209366,0.16478540800017072,nan,9.090680521233232,0,-1.7676716874941327,1.7676716874941327,0.07491225600006146,0.19398118400022213,1.707063225661475,0,3.269506408602741,0,0
244,5243.91331968,0.039357440000458155,0.16686438400029147,-2.205485596284598,2.205485596284598,0.1378188799999407,nan,5.1475751445504265,0,1.1470529013893653,1.1470529013893653,0.4879994880002414,nan,3.7166781306557333,0,2.485939877391364,0,0
245,5251.649467136001,0.04060134399969684,0.18109388799985027,-3.265274798735904,3.265274798735904,0.2820313599995643,nan,12.157298021520262,0,-1.8444038024551404,1.8444038024551404,0.07502873599969462,0.2035676159994182,2.424668054887217,0,3.750179315415568,0,0
246,5252.259971840001,0.040049663999525364,0.19095372799984034,1.5601203768456067,1.5601203768456067,0.49324262399932195,nan,1.2833724782529323,0,-1.8301486619447402,1.8301486619447402,0.08162431999971886,0.184891391999372,1.0192388736674722,0,2.4048741578442314,0,0
247,5267.518778112,0.0436528640002507,0.17516467200039187,-3.919992562753798,3.919992562753798,0.2668500480003786,nan,12.290910148779055,0,-1.7838678272334914,1.7838678272334914,0.0686824960002923,0.3789631999998164,3.5734874377346237,0,4.306799985729988,0,0
248,5281.346031872,0.04078566400039563,0.2057937920008044,-1.6912401596888476,1.6912401596888476,0.14238796800054843,nan,7.121870499227697,0,2.1154787595334614,2.1154787595334614,0.3834662400004163,nan,4.9206962983582905,0,2.7084208793652422,0,0
249,5289.327521792,0.040447232000587974,0.17756953600019187,-2.778652075631916,2.778652075631916,0.2740449279999666,nan,12.142001921779858,0,0.5692351203628441,0.5692351203628441,0.18455552000068565,0.2848453120004706,1.576910377317411,0,2.83635963510766,0,0
250,5862.936902400001,0.04061235199969815,0.1738245119995554,-2.1550609935268037,2.1550609935268037,0.46591001599972515,nan,7.886013505402772,0,-1.6606418595732606,1.6606418595732606,0.06401791999996931,0.17430988799969782,1.9984347054825626,0,2.720665225930539,0,0
251,5869.407015424001,0.03974374399967928,0.19118694400003733,-2.9251129072677857,2.9251129072677857,0.1530854399998134,0.30207897599939315,5.057655981837446,0,-3.683537480990694,3.683537480990694,0.48492518399962137,nan,8.88880412494909,0,4.7036936437365755,0,0
252,5875.361570048,0.04387609599962161,0.1717726719998609,-2.426998109029846,2.426998109029846,0.17999872000018513,0.3047884799998428,10.495125736217938,0,-1.6809282276068735,1.6809282276068735,0.06834944000001997,0.20454118399993604,1.9964424626154056,0,2.952260071131951,0,0
253,5886.958164224,0.04184038400035206,0.1781035520007208,-1.8512525664971955,1.8512525664971955,0.16529433600044285,nan,5.8291720793545085,0,-1.8371135364994373,1.8371135364994373,0.0736122880007315,0.17383244800021203,4.637398985596459,0,2.608087845712242,0,0
254,5901.788162816,0.04902476799998112,0.18694067199976416,-1.8161353697938427,1.8161353697938427,0.3936378879998301,nan,6.8367500144380156,0,-1.7177568517619317,1.7177568517619317,0.08219852799993532,0.2740633599996727,2.113910597483965,0,2.4998072492076826,0,0
255,5902.099102464001,0.039634687999750895,0.1561361919993942,-2.624886412009811,2.624886412009811,0.08269823999944492,0.26481740799954423,7.270106974303554,0,3.443106832851784,3.443106832851784,0.27449958399938623,nan,5.806956076623276,0,4.3295511705469405,0,0
256,5907.880474624,0.04136448000008386,0.1949388800003362,-2.6307917799611458,2.6307917799611458,0.18122086400035187,0.30232729599993036,4.851515539742019,0,-4.178591278785035,4.178591278785035,0.40156236799975886,nan,7.313634102721444,0,4.937781937737782,0,0
257,5908.215964416,0.04067840000061551,0.1558640640005251,-1.916803666062604,1.916803666062604,0.1376204799998959,0.377148928000679,4.443597923864097,0,-3.92301960766555,3.92301960766555,0.0660725759998968,0.306374144000074,12.060555100353639,0,4.366259169627864,0,0
258,5914.256697088001,0.039205375999699754,0.16927001599924552,-2.670695340163891,2.670695340163891,0.16458521599997766,0.2854005760000291,5.903035123446438,0,-1.9406537563521056,1.9406537563521056,0.40616678399965167,nan,0.8089779641768047,0,3.3013255825526597,0,0
259,5914.594438144,0.04814054399957968,0.1611942400004409,-2.659629909293173,2.659629909293173,0.15673471999980393,nan,8.077529716247412,0,-1.8757466688415576,1.8757466688415576,0.0684257279999656,0.20766054399973655,2.3504002784942983,0,3.2545440264462564,0,0
260,5921.822492416,0.0404385279998678,0.17641548800020246,1.0533523096938087,1.0533523096938087,0.015243519999785349,nan,5.564002123054459,0,0.15640435319041046,0.15640435319041046,0.006981632000133686,0.09856921600021451,0.890974327865468,0,1.0649006573545685,0,0
261,5922.125147648,0.04005529599999136,0.1660390400002143,0.19999749214171292,0.19999749214171292,0.3143216640000901,nan,6.2797188996260385,0,-0.06794234008783384,0.06794234008783384,0.0035013120004805387,0.08653900799981784,1.1252095128286044,0,0.2112230064164067,0,0
262,5922.4401425920005,0.04058214399992721,0.16963916799977596,-0.1861059932592628,0.1861059932592628,0.20087910399979592,nan,6.231558676365964,0,-0.030912492952902326,0.030912492952902326,0.40155289599988464,0.4539074559997971,1.3380758344412769,0,0.18865583199991462,0,0
263,6105.908428032,0.040834303999872645,0.18612889599990012,1.2649111140000358,1.2649111140000358,0.03817856000023312,nan,6.711227883308668,0,1.562708905783662,1.562708905783662,0.42325760000039736,nan,6.233794847521764,0,2.010487316681302,0,0
264,6119.96275072,0.040616704000058235,0.19517593599994143,-1.7825629459607777,1.7825629459607777,0.1512678400004006,nan,6.039519711339553,0,1.9781378054033638,1.9781378054033638,0.44277862400031154,nan,4.214723801727008,0,2.662810514001776,0,0
265,6128.582176512,0.0402347520002877,0.20403456000076403,3.4241311608129177,3.4241311608129177,0.4393553920008344,nan,5.722219740346075,0,-1.9863836799950079,1.9863836799950079,0.4385249280003336,nan,3.8738030385391298,0,3.958584889907065,0,0
266,6144.587475456,0.04010828800073796,0.17486924800050474,-2.0047341352985946,2.0047341352985946,0.18414489600036177,0.3631275520001509,9.04994413738176,0,1.7477988881580018,1.7477988881580018,0.40373299200018664,nan,1.667989582278512,0,2.6596540953059575,0,0
267,6156.175462144,0.040241407999928924,0.17287577600018267,4.27394741433623,4.27394741433623,0.366720512000029,nan,4.008245481510034,0,-1.5331480978416874,1.5331480978416874,0.06525619199965149,0.23528575999989698,3.3191579210055373,0,4.540613349584715,0,0
268,6169.528671744,0.040221440000095754,0.18290969600002427,1.350371380645977,1.350371380645977,0.2543861760004802,nan,5.47784210918538,0,-2.2585143467545876,2.2585143467545876,0.21774284799994348,0.3250565119997191,3.801902378211551,0,2.631423553927422,0,0
269,6169.881332992,0.03941990400016948,0.13341619200036803,5.768834215348387,5.768834215348387,0.4419768320003641,nan,6.575534820556639,0,-4.135242289632336,4.135242289632336,0.39285606399971584,nan,8.153090588666114,0,7.097864256108165,0,0
270,6177.421946112,0.041578752000532404,0.18034560000069177,3.3195853905588653,3.3195853905588653,0.29861632000029203,nan,2.210524847601693,0,2.151962907306226,2.151962907306226,0.4764090879998548,nan,2.4238736251970607,0,3.956082850451153,0,0
271,6188.024119808,0.0467834880000737,0.17862732800040249,-1.5391798303557414,1.5391798303557414,0.16291635200013843,nan,4.533863842090954,0,2.7547117148355404,2.7547117148355404,0.35397376000037184,nan,4.32040207028313,0,3.155552436900089,0,0
272,6188.329851136001,0.04008831999999529,0.14812646399968799,1.9841323821864227,1.9841323821864227,0.23678617599944118,nan,1.8377973795257994,0,3.243437898808086,3.243437898808086,0.2452093439997043,nan,12.648861716318704,0,3.802192882201714,0,0
273,6193.501139712001,0.040974591999656695,0.1877706239993131,1.3479196740625419,1.3479196740625419,0.3485045759998684,nan,5.366602000472682,0,0.24401793478952172,0.24401793478952172,0.009650687999965157,nan,0.8967415331858959,0,1.3698292595151456,0,0
274,6193.816091392,0.03986124800030666,0.16144870400057698,0.15414720923768677,0.15414720923768677,0.03355289600040123,nan,5.775530910107088,0,-0.07975339555633454,0.07975339555633454,0.03518284800065885,0.22400076800022362,1.003271553629748,0,0.17355680977285895,0,0
275,6194.134509312001,0.0408391679993656,0.15516441599993414,0.10542903476338061,0.10542903476338061,0.04561740799999825,nan,5.658064007994071,0,-0.060623725654391336,0.060623725654391336,0.4872232959996836,nan,1.3853008952870844,0,0.12161627145804554,0,0
276,6194.457146624,0.0397964800004047,0.14282879999973375,-0.19356703824717236,0.19356703824717236,0.48513920000004873,nan,5.907810078171101,0,-0.08794447751859025,0.08794447751859025,0.4159367680003925,nan,1.9640499289159337,0,0.21260862969738578,0,0
277,6194.766865664001,0.040017151999563794,0.12827033599933202,0.24207456372927005,0.24207456372927005,0.43620019199988747,nan,5.795263572923341,0,-0.17658190653010308,0.17658190653010308,0.4250687999992806,nan,2.8499952618209647,0,0.2996352184215375,0,0
278,6195.068518912,0.04024524800024665,0.12048486399999092,0.35346983601339677,0.35346983601339677,0.48309580800014373,nan,5.044039854867506,0,-0.20587838697292682,0.20587838697292682,0.474272256000404,nan,4.348845407505841,0,0.4090560294066227,0,0
279,6660.793293568,0.040910848000748956,0.15955379200022435,-1.8430745846867875,1.8430745846867875,0.1894215680003981,0.3184936960005871,2.940737837047106,0,-1.1312543483700033,1.1312543483700033,0.06651417600005516,nan,6.690510357181136,0,2.1625587449649584,0,0
280,6669.99658624,0.04069427200010978,0.13908275199992204,-1.600752440520484,1.600752440520484,0.18572544000016933,0.29984460800005763,2.6524871104593064,0,1.0134254222627828,1.0134254222627828,0.4244354559996282,nan,8.109316770103671,0,1.8945816061391458,0,0
281,6715.508819968,0.04577791999963665,0.16130636799971398,-1.784194891675897,1.784194891675897,0.2022471680002127,0.29009766400031367,3.791773450313535,0,-1.7646099550952332,1.7646099550952332,0.06895308799994382,0.28838425600042683,7.0596605622130415,0,2.5094221855047762,0,0
282,6715.909075968,0.040747775999989244,0.19152691199997207,-2.495117731191688,2.495117731191688,0.19869388799997978,0.2987888640000165,3.276159751271928,0,-1.7966905244656246,1.7966905244656246,0.07056281600034708,0.34865024000009726,4.927840592825646,0,3.074688493687079,0,0
283,6740.3798832640005,0.04044339200027025,0.16861593599969638,-2.602690134637803,2.602690134637803,0.1932528639999873,0.31332275200020376,3.483473281995943,0,-1.5703799946680146,1.5703799946680146,0.08360499199989135,0.22416768000039156,5.016219539383005,0,3.039751513626477,0,0
284,6740.680365824001,0.04066355200029648,0.18429491200004122,-1.4901484590007295,1.4901484590007295,0.19291647999943962,nan,3.078427803919631,0,3.170404759569891,3.170404759569891,0.4327715839999655,nan,4.88277604254376,0,3.503142698972691,0,0
285,6759.603636224,0.040153599999939615,0.14235264000035386,-2.385948968911519,2.385948968911519,0.4943280640000012,nan,3.1014553569448946,0,1.0939438546861382,1.0939438546861382,0.17418111999995745,nan,6.963079999602851,0,2.6247791601305255,0,0
286,6759.90559104,0.03972684800010029,0.15995468800065282,-2.392171718426127,2.392171718426127,0.48257663999993383,nan,3.3231994147049804,0,-1.575826314069264,1.575826314069264,0.39260057600040454,nan,5.553258535329444,0,2.8645617644852646,0,0
287,6760.2239232,0.040160000000469154,0.1826398720004363,-2.229199134572477,2.229199134572477,0.18736486400030117,0.37529907200041634,3.05731862240917,0,-1.5732670827148105,1.5732670827148105,0.07426841600045009,0.314223616000163,4.629953853347569,0,2.728460755651921,0,0
288,6770.790717696001,0.04025344000001496,0.13738521599952946,-2.0844125174287633,2.0844125174287633,0.1632949759996336,0.3026196479995633,3.3969938016783665,0,1.0374652673117204,1.0374652673117204,0.2146201599998676,nan,7.947667327389983,0,2.3283276667367705,0,0
289,6771.540346112,0.04134195200003887,0.2029854720003641,-0.11941294635770294,0.11941294635770294,0.47356800000034127,nan,3.0543270060449395,0,0.21669058578358502,0.21669058578358502,0.46694809600012377,nan,3.9532986565412322,0,0.247415160661308,0,0
290,6771.841313280001,0.04094463999990694,0.2236702720001631,-0.09729532629162208,0.09729532629162208,0.3642357759999868,nan,2.8055210313065633,0,0.12590499689817136,0.12590499689817136,0.4944913919998726,nan,3.101148366682171,0,0.15911771982441725,0,0
291,6791.414356480001,0.039920127999721444,0.13817855999968742,-0.13963993707619693,0.13963993707619693,0.4811084799994205,nan,2.8575458915062555,0,-1.00034079239909,1.00034079239909,0.0015283200000340003,nan,7.389712852750495,0,1.0100401046316347,0,0
292,6791.735867648001,0.036533503999635286,0.16201907199956622,-0.11001899742617915,0.11001899742617915,0.2900945920000595,nan,2.664788635221697,0,-0.2213424962327064,0.2213424962327064,0.02918604799924651,0.45017727999947965,4.867487622689538,0,0.24717742703003295,0,0
293,6792.053003520001,0.04762879999998404,0.1815288319994579,0.17794583849149692,0.17794583849149692,0.39494783999998617,nan,3.0236081833847788,0,0.1933962940583669,0.1933962940583669,0.22523443199952453,nan,3.929170233381356,0,0.26280572290563275,0,0
294,6792.363387904001,0.0406451199996809,0.20133324800008268,0.09240714969207531,0.09240714969207531,0.08456345600006898,0.2929210879992752,3.3035835170346353,0,0.13632683665074552,0.13632683665074552,0.20391039999958593,nan,3.1952131319281207,0,0.16469392127644744,0,0
295,6792.664046592,0.040366848000303435,0.20902272000057565,0.11236278579650438,0.11236278579650438,0.3030763520000619,0.4535278080002172,3.334846329175341,0,-0.1242380924512787,0.1242380924512787,0.002101760000186914,0.09295897600077296,2.7026866865801544,0,0.16751268384180226,0,0
296,6792.987984128001,0.0526233599994157,0.21841459200004465,-0.42834234255080794,0.42834234255080794,0.4996482560000004,nan,2.1216333333790107,0,0.12880839260596133,0.12880839260596133,0.4005104640000354,nan,2.281436575195663,0,0.44729046986007337,0,0
297,6881.643978752,0.04774630399970192,0.13376665600026172,-2.110656628157246,2.110656628157246,0.14749568000024738,0.28637158400033513,2.447384540813312,0,-1.0789984677893045,1.0789984677893045,0.4880540160002056,nan,7.909242952129414,0,2.3704660080827527,0,0
298,6882.056446208,0.0407009280006605,0.15799040000001696,-2.1734614706878492,2.1734614706878492,0.19773440000062692,0.3051752960000158,2.9740750618690086,0,-1.8009220371883732,1.8009220371883732,0.07558656000037445,0.26634956799989595,5.079472273327589,0,2.8226326272817204,0,0
299,6901.349976576001,0.03971327999988716,0.13979007999932946,-1.501575314358318,1.501575314358318,0.18430054399959772,0.2944990719997804,3.479012755845009,0,-1.2862787212027786,1.2862787212027786,0.42402278400004434,nan,8.152448599184522,0,1.9771801570189138,0,0
300,6901.69897344,0.039458815999751096,0.15982463999989704,-2.6085971477794523,2.6085971477794523,0.4661936640004569,nan,3.4578011010118175,0,-1.8854325057610275,1.8854325057610275,0.07502592000037112,0.20546534400000382,6.0275108260968615,0,3.2186386583745934,0,0
301,6902.000097536001,0.05199487999925623,0.18812415999946097,-1.924139761881837,1.924139761881837,0.16506956800003536,nan,3.7565802206902266,0,-2.286171941714713,2.286171941714713,0.4872680959997524,nan,6.706097278788505,0,2.9881258290671617,0,0
302,6916.20085248,0.03991552000024967,0.14320819200020196,-1.6759230963343992,1.6759230963343992,0.18349747200045385,0.2937766400000328,2.864830513161502,0,-1.6205250015978176,1.6205250015978176,0.4079388159998416,nan,13.640873484989534,0,2.331269934098299,0,0
303,6923.171877888,0.040331008000066504,0.14421836800011079,-2.6740089562564613,2.6740089562564613,0.47524351999982173,nan,2.1953064868900043,0,-1.4838999113932783,1.4838999113932783,0.0741762560001007,nan,4.054222944558237,0,3.058150232603485,0,0
304,6923.490670848,0.04041523199975927,0.17302144000041153,-2.4978193561262287,2.4978193561262287,0.1564505599999393,0.33896806400025525,1.7097066526196123,0,-1.1730297541994936,1.1730297541994936,0.06780569600050512,0.34958950400050526,1.221357087564737,0,2.7595471259023956,0,0
305,6933.327833088,0.039835391999986314,0.11853235200032941,-1.4495860512462695,1.4495860512462695,0.186898175999886,0.2781578240001181,3.3649520551501926,0,2.882942935275225,2.882942935275225,0.22797849600010522,nan,10.304858816269462,0,3.22686530366873,0,0
306,6933.657367296,0.04146508800022275,0.14585369599990372,-1.6788931481578668,1.6788931481578668,0.17802086400024564,0.3369559040002059,2.6206041547153465,0,-2.733292206528578,2.733292206528578,0.3876495360000263,nan,11.13976294358519,0,3.207735726209579,0,0
307,6947.612152576001,0.039974399999664456,0.15560243199979595,0.16895356194298117,0.16895356194298117,0.35404185599963967,nan,2.4157811848952058,0,0.538899335700247,0.538899335700247,0.47430502399947727,nan,7.020465811465854,0,0.564763490420006,0,0
308,6948.112753920001,0.040527103999920655,0.1824793599998884,-0.2839065928516229,0.2839065928516229,0.4863708160000897,nan,2.0813733562282692,0,0.40745155276695577,0.40745155276695577,0.494251007999992,nan,3.9259579164084357,0,0.4966082171257545,0,0
309,7005.314177024001,0.04018867199920351,0.17057612799999333,-1.9427130999632753,1.9427130999632753,0.1723814399992989,0.2824204799999279,2.197991756571989,0,-2.0858367384294247,2.0858367384294247,0.4031416319994605,nan,6.57872812089947,0,2.850412090935418,0,0
310,7013.629333248001,0.04124236799998471,0.15809817599983944,-2.070366701374306,2.070366701374306,0.15317836799931683,0.33190886399916053,3.167594175736017,0,-1.7840479955512922,1.7840479955512922,0.07053132799956074,0.2412733439996373,10.638576486027691,0,2.732992046931368,0,0
311,7026.517358592,0.040505343999939214,0.15460889600035443,-2.3443378818143064,2.3443378818143064,0.17308672000035585,0.2843855360006273,1.9469557859582611,0,-1.3968497575908962,1.3968497575908962,0.06285107199983031,0.20453529600035836,8.110336256639101,0,2.7289392351958544,0,0
312,7061.744608256,0.040600320000521606,0.1893841920000341,-2.5464748012037832,2.5464748012037832,0.15717964800023765,0.29403545600052894,3.5469264524017667,0,-1.6879853101440663,1.6879853101440663,0.07536742400043295,0.28373222400023224,4.2372509483988345,0,3.0551314735094475,0,0
313,7062.081630976,0.03986534399973607,0.1909793280001395,-2.3965027619207557,2.3965027619207557,0.16803455999979633,0.28766796800027805,3.079230562285913,0,-1.5965041979981986,1.5965041979981986,0.07630028800031141,0.23217817600016133,4.5384580554997775,0,2.8795921832995175,0,0
314,7072.081461504001,0.03986713599988434,0.1371084799993696,-1.9152515112156046,1.9152515112156046,0.12267135999991297,0.2740101119998144,2.4106352429677607,0,-1.6460168873497398,1.6460168873497398,0.30632780799987813,nan,17.68388516986692,0,2.5253831282904744,0,0
315,7078.502462464,0.04008371200052352,0.1451266560006843,-2.0018971620484542,2.0018971620484542,0.4950407680007629,nan,3.9189471567887946,0,-1.493080974266121,1.493080974266121,0.07319680000000517,nan,7.076059488432371,0,2.4973752307438954,0,0
316,7078.820972544,0.03988096000011865,0.170610176000082,-2.2063066635143134,2.2063066635143134,0.18627635200027726,0.31978905600044527,3.37862899785479,0,-1.6928196026917597,1.6928196026917597,0.06513612800063129,0.184570112000074,4.509624103834728,0,2.780904043782372,0,0
317,7088.4082816,0.039917824000440305,0.15149286400082929,-2.1216117994837287,2.1216117994837287,0.49067571200066595,nan,3.4549312853667775,0,-1.7581062747892346,1.7581062747892346,0.0696471040000688,0.2038353920006557,6.769469408226996,0,2.755390045195392,0,0
318,7088.72107776,0.03968691200043395,0.17365171199980978,-1.292885236741216,1.292885236741216,0.18899379200047406,nan,2.6708315952252235,0,-1.7098157520786366,1.7098157520786366,0.06821529599983478,0.2589347840003029,5.878215718222489,0,2.1436002755736956,0,0
319,7095.938288640001,0.04033561599953828,0.15518924799926026,-1.557240592465205,1.557240592465205,0.17251148800005467,nan,2.008980776898838,0,-1.6884198182631316,1.6884198182631316,0.0750233599992498,0.16535731199928705,8.07182763322231,0,2.2969022063477342,0,0
320,7103.961202176,0.04009881599995424,0.13980262400036736,-0.10997574289229561,0.10997574289229561,0.35268659200028196,nan,2.1023602618406887,0,0.857477525649248,0.857477525649248,0.4544401920002201,nan,8.448649483568415,0,0.8645012267303436,0,0
321,7104.278442496,0.03962214400053199,0.1694097920008062,-0.07804949742989731,0.07804949742989731,0.43609728000046744,nan,1.9770260930478223,0,0.3487409371660828,0.3487409371660828,0.3865576960006365,nan,5.711856785712968,0,0.3573681089640446,0,0
322,7104.58396032,0.05194393600049807,0.18249984000067343,-0.14361269327656068,0.14361269327656068,0.49169740800061845,nan,1.8186675052271823,0,0.37834990262065915,0.37834990262065915,0.49061427200012986,nan,3.9213316493954444,0,0.40468908372133017,0,0
323,7442.145285888,nan,nan,-1.8396,1.8396,0.13947750399984216,0.2587340800000675,0.0,1,-1.8395999999999972,1.8395999999999972,0.06907801600027597,0.16902195200054848,0.0,1,2.6015872693415436,1,1
324,7450.410883328001,nan,nan,-2.0106,2.0106,0.14191743999981554,0.2722050559996205,0.0,1,-1.6739999999999995,1.6739999999999995,0.07235558399952424,0.17261900799985597,0.0,1,2.6162546435696963,1,1
325,7557.331444480001,0.04015129599974898,0.17502976000014314,-1.9542526918500833,1.9542526918500833,0.15308979199926398,0.2941867519994048,3.4248100991384103,0,-1.6353685653782772,1.6353685653782772,0.07328332799988857,0.2534625279995453,2.405010865308938,0,2.548241340264046,0,0
326,7568.5690035200005,0.04256127999997261,0.1284730879997369,-1.6006259703403813,1.6006259703403813,0.4924823040000774,nan,2.017027954222417,0,3.512841549823965,3.512841549823965,0.46443187200020475,nan,8.458448842842683,0,3.860318542697963,0,0
327,7568.887872512,0.040672512000128336,0.15471052800057805,-1.9490666898666866,1.9490666898666866,0.1833909759998278,0.28461670399974537,2.363129801451519,0,-1.7093372449352895,1.7093372449352895,0.06581760000062786,0.2444569600002069,5.692075789059405,0,2.592430284206472,0,0
328,7569.754081280001,0.04016204799972911,0.2007521280002038,-2.497719010505489,2.497719010505489,0.16765644799943402,0.29805337600009807,2.4364275230438217,0,-1.6419396919496005,1.6419396919496005,0.06771225600004982,0.1788897279993762,2.6772846334398714,0,2.9890744733847074,0,0
329,7579.599480576,0.042671359999985725,0.1499962880006933,-2.0676072469738394,2.0676072469738394,0.48016204800023843,nan,2.4138002746745357,0,-2.059296777981743,2.059296777981743,0.09252940800070064,0.24119526400045288,5.9702676709488145,0,2.9181677380755078,0,0
330,7579.905201152001,0.040675071999430656,0.17346790400006284,-1.5305639788544774,1.5305639788544774,0.1744414719996712,nan,2.4138002746745357,0,-2.335969967023974,2.335969967023974,0.08447743999931845,0.20410572799937654,4.658899507316914,0,2.7927373274629383,0,0
331,7607.703579136,0.03962419199979195,0.13860659200054215,-1.4032473312661065,1.4032473312661065,0.157846015999894,0.28565247999995336,1.2547997699240128,0,-1.8285295484439992,1.8285295484439992,0.41829196799972124,nan,14.249933305719166,0,2.3049128795332514,0,0
332,7616.768142848,0.038885376000507677,0.15453900800002884,-1.8457779657605338,1.8457779657605338,0.154433536000397,0.28838118400017265,3.3498122843888076,0,-2.309415503390957,2.309415503390957,0.37537561600038316,nan,9.130028352544102,0,2.9563992061610356,0,0
333,7624.272439552001,0.039878911999949196,0.18716979199962225,-0.11592696783563294,0.11592696783563294,0.41345279999950435,nan,2.443775794561967,0,0.2401743517185242,0.2401743517185242,0.4564124159996936,nan,3.8985979012256635,0,0.26668854698876227,0,0
334,7624.620411136,0.040029184000559326,0.19345433600028628,-0.10187054864277911,0.10187054864277911,0.06548121600008017,0.16878822400030913,2.383027978458225,0,0.1462122529257215,0.1462122529257215,0.3399528959998861,nan,3.027078797029546,0,0.17820109872387427,0,0
335,7762.992082944001,0.04127206399971328,0.13357107199954044,-1.378096197269084,1.378096197269084,0.15205708800021966,nan,2.6471050329488044,0,3.7044805283720574,3.7044805283720574,0.20158720000017638,nan,9.46769941006277,0,3.9525087114407764,0,0
336,7763.840725248,0.0467988480004351,0.21032601600018097,-2.3749237571492277,2.3749237571492277,0.1942996480001966,0.29400448000069446,2.5022803036397594,0,-1.7432977794618694,1.7432977794618694,0.06595020800068596,0.19380096000077174,3.990194532884786,0,2.9460736583032827,0,0
337,7780.468613888001,0.03957657599949016,0.1409771520002323,1.8739542777019587,1.8739542777019587,0.49009535999994114,nan,4.822664496200408,0,3.146987403592586,3.146987403592586,0.2121763839995765,nan,19.419569928983876,0,3.6626813065414083,0,0
338,7788.200707072,0.04196198400040885,0.2099471360006646,-2.213641713168192,2.213641713168192,0.15991654400022526,0.2911034880007719,3.7023646829422585,0,-1.8544703683103307,1.8544703683103307,0.07186150400048064,0.2623470080006882,4.333187208947937,0,2.887779420457744,0,0
339,7788.5500426240005,0.0408711680001943,0.2141050879999966,-2.320571577190611,2.320571577190611,0.19167846399977861,0.33108915199954936,2.558028492486759,0,-1.4923591500798015,1.4923591500798015,0.0716247039999871,0.24146790400027385,5.53118411860833,0,2.7590194413399534,0,0
340,7802.551824384001,0.04055731199969159,0.15159500800018577,-2.6268706941500923,2.6268706941500923,0.49660211199989135,nan,3.59770676869854,0,-1.4927559452866923,1.4927559452866923,0.07366732799982856,nan,6.049458397765914,0,3.021385436513083,0,0
341,7802.855979520001,0.04018534399983764,0.19876505599950178,3.0646918966205803,3.0646918966205803,0.32165836799958925,0.4906334719998995,6.279329527407077,0,-1.4559730376380955,1.4559730376380955,0.07916543999999703,0.4410257919998912,4.947541280452143,0,3.392962408801629,0,0
342,7810.053136896,0.0408279040002526,0.13939763200050947,-1.964313613706631,1.964313613706631,0.19759027200052515,0.31495065600029193,2.7201498396248844,0,1.3416655051888018,1.3416655051888018,0.28366796800037264,nan,11.210590936385223,0,2.3787800026077917,0,0
343,7820.3177016320005,0.042678783999690495,0.13122457600002235,-1.5455218342100263,1.5455218342100263,0.16345881599954737,nan,1.3990396828175768,0,3.3756054599643024,3.3756054599643024,0.3873279999997976,nan,9.542360332585881,0,3.7125934279638986,0,0
344,7821.151040512001,0.044654591999460536,0.21887795200018445,-1.8736437274098137,1.8736437274098137,0.1824962559994674,0.3026201599996057,2.2676766288446153,0,-1.829876516609792,1.829876516609792,0.08189286400011042,0.21538995199989586,3.8992447665026795,0,2.6189671405541013,0,0
345,7830.295118336,0.04079334400012158,0.15736908800045057,0.1507012756651207,0.1507012756651207,0.38627660800011654,nan,2.198614779158735,0,0.48114069904113066,0.48114069904113066,0.373975296000026,nan,7.031329224162846,0,0.5041896932315084,0,0
346,7830.610356992001,0.03985945600015839,0.18999987200004398,0.05165800483223393,0.05165800483223393,0.4454868479997458,nan,2.517252529765102,0,0.2627356590787997,0.2627356590787997,0.45958143999996537,nan,5.497014239591323,0,0.26776589778165993,0,0
347,7910.667552000001,0.03998284799945395,0.15584383999976126,-2.180297245056611,2.180297245056611,0.15133823999985907,0.35350348799966014,1.4506734575262712,0,-1.50841199655639,1.50841199655639,0.0725557759997173,nan,6.643983084065887,0,2.6512266648019143,0,0
348,7946.0277614080005,0.04019916800007195,0.2066283519998251,-1.9650883483502186,1.9650883483502186,0.15702220799994393,0.29960883199964883,2.140021662043358,0,-1.7349344758472274,1.7349344758472274,0.08324505600012344,0.1934231040004306,3.982339144879198,0,2.6213679353164228,0,0
349,7961.551452416001,0.03988710399971751,0.18551705599929846,-2.087488861295647,2.087488861295647,0.18872601600014605,0.29884083199976885,2.0939407895674353,0,-1.7029208105987461,1.7029208105987461,0.07803750399943965,0.20448486399982357,5.059238790092927,0,2.6939838591208534,0,0
350,7962.532174848,0.04124825600047188,0.25579904000005627,-2.4703962345003827,2.4703962345003827,0.17857203200037475,0.29919411200080503,2.68655670504503,0,-1.9101941154681228,1.9101941154681228,0.0810109440008091,0.20044339200012473,2.7968636391436874,0,3.1227710633670718,0,0
351,7980.369531136001,0.040476416000274185,0.22250547200019355,-2.308241575943706,2.308241575943706,0.19233587199960311,0.31276339199939684,2.5802420182921075,0,-1.6628432905117148,1.6628432905117148,0.4748587519998182,nan,3.098977541716085,0,2.8448245959487397,0,0
352,7980.76873728,0.039905280000311905,0.22592460800024128,-1.9164627222288573,1.9164627222288573,0.17420441600006598,0.36466227200071444,2.787251690830649,0,-1.6999905361558767,1.6999905361558767,0.07565260800038232,0.16352870400078245,3.0405961284253493,0,2.561795696130429,0,0
353,8012.695781376001,0.04069017599977087,0.2254302719993575,-2.384290147736724,2.384290147736724,0.17582079999920097,0.29173913599970547,2.897031177272062,0,-1.3147186574160123,1.3147186574160123,0.08653388799939421,0.2309294079996107,4.032810019036319,0,2.7227421208686238,0,0
354,8025.017533952,0.04059391999999207,0.31698124800004734,-2.2868423627453724,2.2868423627453724,0.17372288000024128,0.3416821760001767,1.8834757774452537,0,-1.6611010262216155,1.6611010262216155,0.07254783999997017,0.1712271360001978,2.8530904683682046,0,2.8264650380574925,0,0
355,8042.578531584,0.050000639999780105,0.23216844800026593,-2.113369886373987,2.113369886373987,0.18477337600052124,0.29506278400003794,2.178411937011534,0,-1.5983075213487652,1.5983075213487652,0.06532684800004063,0.20630911999978707,3.312293535736483,0,2.6497017208418825,0,0
356,8060.960988928001,0.040656383999703394,0.21056665599917324,-2.448295083322357,2.448295083322357,0.19118284799969842,0.30230783999923005,2.4076208049426917,0,-1.7130020186378125,1.7130020186378125,0.0715033599999515,0.2317849599994588,4.9617797903338605,0,2.9880637093070233,0,0
357,8069.11187968,0.040508672000214574,0.21955507200073043,-0.12770251157309254,0.12770251157309254,0.4521233920004306,nan,2.1981286240089783,0,0.2776331946306101,0.2776331946306101,0.49286732800010213,nan,4.324966805369392,0,0.30559470254386617,0,0
358,8069.4172899840005,0.04082585600008315,0.24989900800028408,-0.1259889516936008,0.1259889516936008,0.358479360000274,nan,1.6988930023184814,0,0.19279949936158758,0.19279949936158758,0.43782374399961554,nan,3.4833616932466995,0,0.2303147040528053,0,0
359,8069.729687808001,0.040685056000256736,0.27087615999971604,0.12881971768008516,0.12881971768008516,0.45559116799995536,nan,1.8591332001341723,0,0.10450185476337737,0.10450185476337737,0.1254259199995431,nan,2.7827143994696613,0,0.16587693423789476,0,0
360,8097.006344704,0.03959424000004219,0.20976972800053773,-2.33131002741143,2.33131002741143,0.18893107200074155,0.28766668800017214,1.969632353872619,0,-1.6246308743931337,1.6246308743931337,0.06446105600025476,0.26613632000044163,4.461904503281755,0,2.84155449040494,0,0
361,8097.727127808001,0.0404595199997857,0.25155891200029146,-2.4260369139513394,2.4260369139513394,0.18634163200022158,0.37596927999948093,2.2114429527398283,0,-1.4665693484961793,1.4665693484961793,0.06514355199942656,0.29588607999994565,3.053403801749088,0,2.8348687380199893,0,0
362,8128.196094464,0.040727808000156074,0.19596595199982403,-2.7029841415912017,2.7029841415912017,0.1917288960003134,0.3040514559997973,2.826146746901564,0,-3.023111445665135,3.023111445665135,0.49221503999979177,nan,9.215575812572187,0,4.055283724057427,0,0
363,8137.219106560001,0.040161023999644385,0.20340249599939852,-1.5221428569459885,1.5221428569459885,0.2074030079993463,0.3245191679998243,2.481039086552787,0,-1.8320895722034418,1.8320895722034418,0.06649292799920659,0.2250437119992057,4.792327447421091,0,2.3819049262152103,0,0
364,8137.632018944,0.0402723840006729,0.22827699200024654,-3.019623473458008,3.019623473458008,0.19294131200058473,0.2931317760003367,3.0082468865438763,0,-1.7536297380252126,1.7536297380252126,0.07297689600000012,0.275628031999986,3.2680179035879,0,3.491896788214821,0,0
365,8145.52085632,0.04060159999971802,0.2096806400004425,-1.958726131926836,1.958726131926836,0.18793958400056,0.3390750720000142,2.6844750873144925,0,-1.4935571889949735,1.4935571889949735,0.06768153600023652,0.24067199999990407,4.305119609618135,0,2.4631932804170344,0,0
366,8189.5170106880005,0.04027596800005995,0.17006899199986947,-2.2186669804875496,2.2186669804875496,0.18832921600005648,0.3381035519996658,2.5584528150975654,0,-2.704622206791438,2.704622206791438,0.4884797439999602,nan,8.191635549749925,0,3.498208749027869,0,0
367,8197.968194304001,0.040206591998867225,0.17595084799904726,-2.3940327883274755,2.3940327883274755,0.1872583679996751,0.30675865599914687,2.498053771992325,0,-1.9297373044838295,1.9297373044838295,0.06670233599834319,0.1879173119996267,4.149288391867309,0,3.074943748412895,0,0
368,8198.669093376,0.03928448000078788,0.2269611520005128,-2.6944460567800377,2.6944460567800377,0.190836992000186,0.2965527039996232,2.703300995248359,0,-1.568285704423996,1.568285704423996,0.0670704639996984,0.1883985920012492,2.6320938347326575,0,3.1176208242180707,0,0
369,8208.506526976,0.040387840001130826,0.1738242560004437,-2.2211888963666926,2.2211888963666926,0.2055928320005478,0.36985395200099447,2.5863108083185757,0,-1.682447670918588,1.682447670918588,0.07638348799991945,0.19455001599999378,4.17574493035012,0,2.7864511979796216,0,0
370,8219.909219328001,0.04078438399847073,0.16904499199881684,-0.06760120594065633,0.06760120594065633,0.4376230399993801,nan,2.146062319672712,0,0.2616915012487624,0.2616915012487624,0.46835097599978326,nan,4.57278317382487,0,0.2702820098905253,0,0
371,8220.223218432,0.039854079999713576,0.1926151679999748,-0.1203799157951746,0.1203799157951746,0.49351628800104663,nan,1.8799117074606269,0,0.22968016042832495,0.22968016042832495,0.4952616959999432,nan,3.4093348569739668,0,0.2593150597655956,0,0
372,10025.032253952,0.04025600000022678,0.19657881599960092,-2.067350155132197,2.067350155132197,0.18027647999952023,0.30498534400067,1.83624094760507,0,-1.65398194498691,1.65398194498691,0.06532223999965936,0.17738572800044494,0.507592727946161,0,2.6475635853115596,0,0
373,10104.057456128001,0.04057983999882708,0.1541752319990337,-1.8591535940505368,1.8591535940505368,0.4792148479991738,nan,1.7056335543268126,0,-1.7361201650333626,1.7361201650333626,0.46935347199905664,nan,0.7573230311420289,0,2.5437305898436846,0,0
374,10104.455988992,0.0404733440009295,0.11965721600063262,-2.9452481216377873,2.9452481216377873,0.1913758720002079,nan,3.996749181330971,0,-1.6808119782819126,1.6808119782819126,0.07082060799984902,0.2205312000005506,1.0877696684409344,0,3.391108285553098,0,0
